Video,Second,L_C,L_A,R_C,R_A
AAKTSE1,1.786697491408486e-13,269.4345383957626,-312.4042952,-143.8743283,150.24734027914266
AAKTSE1,-6.55E-12,307.58912649666576,-431.192459,-122.2985452,126.35132566618965
AAKTSE1,1.1229138724900622e-14,326.25704793087846,-414.0961785,-54.88165106,9.358644386543643
AAKTSE1,1.1997992930983704e-14,280.17052492064533,-435.9798979,30.221909799138682,271.07818532912046
AAKTSE1,1.2766847137066783e-14,112.33177968819025,-402.8925062,127.22880398723146,318.27550404947476
AAKTSE1,1.3535701343149864e-14,51.07081223,-408.209559,317.7105466601743,179.32948943649606
AAKTSE1,1.4304555549232945e-14,85.03873366772405,-444.5943895,157.01259236341903,216.14791926796119
AAKTSE1,1.5073409755316022e-14,101.34887732415764,-480.7014423,340.7228198848458,580.4107935438717
AAKTSE1,1.5842263961399106e-14,33.245687647257846,-512.1040506,71.58860296182803,551.8825567086709
AAKTSE1,1.6611118167482187e-14,-92.27083536,-494.1388812,-142.7122806,640.6409865401364
AAKTSE1,1.7379972373565267e-14,-201.0062473,-435.6759339,-139.6264976,483.03274970493516
AAKTSE1,1.8148826579648348e-14,-55.84388138,-357.8274311,-72.35404781,698.9422906475121
AAKTSE1,1.8917680785731432e-14,153.08959560632542,-287.7533728,-68.32604251,852.7240538123108
AAKTSE1,1.9686534991814513e-14,212.6808503738703,-316.9915367,-81.99581499,723.3947058659986
AAKTSE1,2.0455389197897593e-14,147.49321625252588,-351.9985894,183.8077458681664,791.0731356974644
AAKTSE1,-7.20E-15,170.40002657562607,-351.7878644,348.39241783403725,544.2471210844853
AAKTSE1,-6.43E-15,133.93905912094894,-398.6649172,480.7648676,590.8366620270621
AAKTSE1,-5.66E-15,132.18920277738187,-416.7108589,628.1484284324468,630.2606474140839
AAKTSE1,-4.89E-15,159.6582353227047,-422.2323561,442.33532262054064,463.1212994677707
AAKTSE1,-4.12E-15,140.91393453469362,-423.8038533,367.18777236418936,436.3097292992372
AAKTSE1,-3.35E-15,149.37741152446054,-419.6142394,285.1257776633941,348.4492702418134
AAKTSE1,-2.58E-15,127.23311073644942,-450.1346255,302.7615607403769,397.2143667399459
AAKTSE1,-1.82E-15,-36.6556345,-518.1227894,369.69734381735873,636.4716855
AAKTSE1,-1.05E-15,-139.2499353,-579.768731,334.8709046721185,610.3178930695432
AAKTSE1,-2.78E-16,-140.1509027,-577.6557838,435.2222433046573,761.5863229010087
AAKTSE1,4.910760344075205e-16,-48.3289409,-518.1093012,411.9378243614371,611.4143486920705
AAKTSE1,1.2599302404906012e-15,137.69494012972856,-420.8954449,400.95158723639884,353.18318256394025
AAKTSE1,2.028784446573682e-15,134.53730600838475,-356.515831,403.6284814244927,263.0049457287401
AAKTSE1,2.7976386526567625e-15,32.527449664817645,-381.5117726,427.28648672369746,480.22226444909387
AAKTSE1,3.566492858739843e-15,-44.51685112,-312.9466032,386.92782535623525,695.9251387250038
AAKTSE1,4.335347064822924e-15,-0.604485245,-302.5869893,320.7536084332181,688.6591241120245
AAKTSE1,5.104201270906005e-15,149.1989917452293,-305.0784865,224.09494706575583,549.8186650546013
AAKTSE1,2.0083910192191092e-14,174.94913540166323,-346.943317,209.2707301427376,533.6604282194002
AAKTSE1,2.0852764398274173e-14,158.4526123914301,-452.6448142,208.76873544194248,524.8177469397549
AAKTSE1,7.410763889155272e-15,99.59608938119699,-422.8352003,207.25451851892527,535.2183989934427
AAKTSE1,8.179618095238352e-15,294.4195663709639,-458.3678087,287.9947460403521,360.9746066026866
AAKTSE1,8.948472301321433e-15,159.43304336073078,-236.4715281,330.7738624506668,430.63303643415145
AAKTSE1,9.717326507404514e-15,41.35096479,432.85697469322656,346.31045360845764,224.83894101309204
AAKTSE1,1.0486180713487594e-14,154.29999734026458,619.0276997,373.4298730490774,-110.1056595
AAKTSE1,1.1255034919570675e-14,155.92236321892045,436.9839802708134,111.7001005705032,-502.0483407
AAKTSE1,1.2023889125653756e-14,1.6325068753538972,465.4613719484954,-32.84189413,-650.4887998
AAKTSE1,1.2792743331736837e-14,0.6570949762319511,367.1898747372892,-440.0994444,-678.4470366
AAKTSE1,1.3561597537819916e-14,-184.7316503,266.4405997483044,-50.88143909,-685.3230512
AAKTSE1,1.4330451743902998e-14,-221.4392844,590.2191025370979,146.8410106562104,-688.6757325
AAKTSE1,1.5099305949986082e-14,-78.02136294,663.7376053258914,156.95457151097054,-752.1628582
AAKTSE1,1.5868160156069162e-14,-120.3834415,693.8016636702403,152.99146569906395,-918.1322062
AAKTSE1,1.663701436215224e-14,-41.26218674,701.9457220145894,98.76169322049074,-931.5537764
AAKTSE1,3.195013853033342e-15,-2.728709752,619.5342248033826,29.73303185302892,-930.1109021
AAKTSE1,3.963868059116423e-15,111.80587834904449,716.8738387032871,17.13214826334433,-934.9735834
AAKTSE1,4.7327222651995034e-15,304.2882442277004,822.0112303809694,10.69237578477108,-932.2051535
AAKTSE1,5.501576471282584e-15,304.2717212174673,736.4763998364297,56.162603306197866,-875.5145015
AAKTSE1,6.270430677365665e-15,218.69186487390084,666.0660137363343,50.906164160957715,-769.7427383
AAKTSE1,7.039284883448746e-15,149.10867519700105,585.7534054140167,46.19083612682926,-669.7020863
AAKTSE1,7.808139089531826e-15,103.04437440898991,573.3652415361432,15.167730314922682,-655.4281009
AAKTSE1,8.576993295614907e-15,78.53451806542381,590.3159665471585,-63.39759772,-699.9152266
AAKTSE1,9.345847501697987e-15,27.339106166301704,563.4522471,-60.81716818,-769.9351806
AAKTSE1,1.0114701707781068e-14,30.23702760051264,639.9629721247454,-1.036031565,-800.5517003
AAKTSE1,1.0883555913864147e-14,44.86050459027955,561.6336971357608,-8.809137377,-824.7377149
AAKTSE1,1.1652410119947231e-14,160.67398158004636,585.5444221467769,68.54442347761223,-823.0481739
AAKTSE1,1.2421264326030312e-14,249.20079190314732,840.5795916022366,87.93465099903901,-776.1452997
AAKTSE1,-1.02E-15,255.61093555958075,864.6025388354751,87.19710074268778,-762.2624254
AAKTSE1,-2.52E-16,152.6077458826811,717.4954860687124,96.42510604189259,-810.8539956
AAKTSE1,5.169722290775737e-16,143.42122287244777,865.1506555241727,85.60088911887536,-800.7022324
AAKTSE1,1.2858264351606544e-15,150.40914430665885,626.5569360907435,-21.95110558,-753.8560248
AAKTSE1,2.054680641243735e-15,239.63039907420375,512.2287722128708,-105.8453225,-755.087595
AAKTSE1,2.8235348473268157e-15,258.15609828619364,466.89616389055317,-45.13398387,-815.8313873
AAKTSE1,3.5923890534098956e-15,237.47735305373752,483.93577779045756,-38.03153413,-861.997402
AAKTSE1,4.361243259493002e-15,234.69305226572646,584.2020583570289,-36.05352883,-913.0800832
AAKTSE1,5.130097465576083e-15,112.9498625888273,649.1405611458224,-65.33441242,-962.6627645
AAKTSE1,2.0109806386861167e-14,60.13778402303821,739.5712861568378,-101.5019627,-982.1332236
AAKTSE1,2.0878660592944248e-14,184.9512610128051,925.8397889456312,-113.1217352,-990.7314604
AAKTSE1,2.1647514799027332e-14,222.154738,1021.3838472899805,-109.9137299,-1009.367475
AAKTSE1,8.205514289908406e-15,222.69043721456129,976.9856834121072,38.367608777587336,-1047.061267
AAKTSE1,8.974368495991512e-15,257.0516919821057,939.2308528675674,75.8778363,-1049.956171
AAKTSE1,9.743222702074592e-15,331.59739119409466,835.0315778785825,79.78250826488589,-1113.183297
AAKTSE1,1.0512076908157671e-14,394.8086459616395,950.0123028895982,88.83829134186769,-1161.534867
AAKTSE1,1.1280931114240754e-14,389.88323406251743,930.5974723450583,81.59851886329449,-1184.444215
AAKTSE1,1.2049785320323834e-14,310.08559994117326,960.4993084671851,69.28874638,-1194.773563
AAKTSE1,1.2818639526406917e-14,250.02018804205122,818.0578112559785,41.123418350592196,-1260.976244
AAKTSE1,1.3587493732489996e-14,249.22255392070707,949.3563140447718,9.944655973029848,-1315.431349
AAKTSE1,1.4356347938573076e-14,267.61825313269594,972.1037057224542,-5.466126607,-1310.686051
AAKTSE1,1.5125202144656157e-14,298.5195079002415,957.3266529556927,22.148545359317755,-1311.260954
AAKTSE1,1.5894056350739238e-14,265.9329848900078,938.8518224111522,6.549883991855207,-1301.650302
AAKTSE1,1.6662910556822318e-14,128.47201743533068,723.1481029777233,-50.34988849,-1298.531873
AAKTSE1,1.7431764762905402e-14,11.385494425097152,770.858828,-47.90966097,-1263.938998
AAKTSE1,3.989764253786501e-15,-22.53991747,792.0706641108654,-99.48943344,-1266.848346
AAKTSE1,4.758618459869582e-15,-67.3275516,915.0158335663258,-257.3369837,-1262.236583
AAKTSE1,5.5274726659526625e-15,-126.7646302,714.0743363551193,-187.754534,-1272.117042
AAKTSE1,6.296326872035743e-15,-14.38726428,946.7328391439127,-226.909862,-1261.69639
AAKTSE1,7.065181078118824e-15,-101.4526762,987.7913419327061,-202.9785234,-1258.305738
AAKTSE1,7.834035284201905e-15,-143.7925325,915.4576224992776,-147.3694069,-1257.660642
AAKTSE1,8.602889490284985e-15,-81.30127776,953.0072363991818,-111.8780683,-1231.914434
AAKTSE1,9.371743696368066e-15,-49.03668966,1005.6835169657533,-232.6278408,-1043.478226
AAKTSE1,1.0140597902451148e-14,17.494565110776612,714.7375753101019,-226.2476133,-706.7486854
AAKTSE1,1.0909452108534227e-14,-9.885291233,740.6983003211171,-21.90849686,-815.5391445
AAKTSE1,1.1678306314617308e-14,-7.02848091,698.9390253321333,-144.1304916,-804.1362702
AAKTSE1,1.2447160520700387e-14,-4.998337253,775.1808614542599,-94.0258196,-624.0422848
AAKTSE1,1.3216014726783471e-14,-91.16041582,628.2504753541643,-73.04670319,-612.5649661
AAKTSE1,-2.26E-16,-18.70027216,600.1100892540687,-20.359809,-655.3654251
AAKTSE1,5.428684237476521e-16,36.42987149,632.5685920428622,127.30597407833373,-656.3914397
AAKTSE1,1.3117226298307328e-15,-0.294429294,532.0815392761001,140.0528682664265,-665.114121
AAKTSE1,2.080576835913814e-15,8.756825473356718,576.2189309537825,132.4742068989643,-659.2412467
AAKTSE1,2.8494310419968937e-15,118.17696912978961,731.3929892981315,93.85554553150209,-672.1172614
AAKTSE1,3.618285248079975e-15,114.55711278622347,653.2603809758139,101.0046619418179,-663.7403467
AAKTSE1,4.3871394541630555e-15,114.15725644265738,947.9288837646078,91.17044501880065,-692.6659572
AAKTSE1,5.155993660246136e-15,80.34295565,993.3073865534008,111.89511698467143,-695.5953052
AAKTSE1,5.924847866329217e-15,25.306432644413196,951.0047782310832,99.65090006165427,-688.9613198
AAKTSE1,6.6937020724122975e-15,2.348798523069102,1003.1143921309874,112.40223869419205,-686.5384455
AAKTSE1,7.462556278495378e-15,-61.71994671,793.1262282531142,107.22579954895181,-688.053349
AAKTSE1,8.231410484578459e-15,20.626863613713866,819.5713977085743,107.70491595926762,-710.9371414
AAKTSE1,9.000264690661541e-15,66.56034060348077,1005.1221227195899,96.42625459180543,-727.4520449
AAKTSE1,-4.44E-15,-14.60062685,895.6761810639392,100.14981544656622,-726.9380595
AAKTSE1,-3.67E-15,-29.18826097,909.5302394082876,143.1567096,-864.7096297
AAKTSE1,-2.90E-15,-63.19922843,901.6154089,122.17693715608578,-831.9000888
AAKTSE1,-2.14E-15,19.389804118104294,847.1261338747637,61.05494246,-592.6938812
AAKTSE1,1.2844535721076968e-14,30.912169996759623,627.8424144413348,43.41739219893938,-630.2287847
AAKTSE1,1.3613389927160047e-14,87.10675809763747,408.7086950079063,55.09650860925517,-775.2436882
AAKTSE1,1.4382244133243133e-14,87.96467953184901,305.41942001892164,168.30784724179298,-578.3274806
AAKTSE1,1.515109833932621e-14,58.85815652161584,-52.47207719,52.209185874330764,-362.7001618
AAKTSE1,1.591995254540929e-14,57.260522400271576,-213.05913,39.49941339575753,110.1504902
AAKTSE1,1.668880675149237e-14,36.92056504660416,-281.6605262,245.07186313940636,327.3411422772614
AAKTSE1,1.7457660957575452e-14,14.253031935361234,-299.6176799,267.72320177194416,124.64179433094965
AAKTSE1,1.8226515163658533e-14,15.442064480683438,-322.948066,47.49898484892692,-112.3342203
AAKTSE1,1.8995369369741617e-14,11.736652581561353,-333.9395632,-90.85967652,-78.65467934
AAKTSE1,5.553368860622716e-15,2.1901295713283404,-353.1710605,-135.8105601,-90.12291617
AAKTSE1,6.3222230667057956e-15,-8.55750455,-372.2725577,-298.844777,-308.511153
AAKTSE1,7.091077272788877e-15,40.11708355,-363.5018327,-172.6523273,-105.8071676
AAKTSE1,7.859931478871958e-15,61.799449429517914,-360.9388854,-87.21209977,183.1090399864099
AAKTSE1,8.628785684955038e-15,49.25737086,-361.2470493,-152.59965,205.91080315120863
AAKTSE1,9.397639891038119e-15,162.1152922979407,-328.3752132,-159.2494225,321.3803440937855
AAKTSE1,1.01664940971212e-14,254.3287692877076,-244.1311548,-53.37697276,269.25099614747336
AAKTSE1,1.093534830320428e-14,306.91335738858544,-209.9215409,-26.02452301,111.6994259789391
AAKTSE1,1.170420250928736e-14,342.9135010450194,-278.4774826,46.10570450763902,282.50674469929294
AAKTSE1,1.2473056715370442e-14,194.58808914589721,-200.1100909,123.27148758462162,470.20295230853674
AAKTSE1,1.3241910921453522e-14,59.143788357886116,-223.0960326,162.3983817727154,451.43915991778056
AAKTSE1,1.4010765127536603e-14,38.61726534765304,-203.8675298,89.15305373858685,265.57092308257904
AAKTSE1,5.687646184177053e-16,112.05407567075292,-200.539027,124.83217014890201,420.96490846960023
AAKTSE1,1.337618824500786e-15,68.90421932718684,-224.4505242,108.07239767032877,534.1466716
AAKTSE1,2.106473030583867e-15,154.2465852058427,-312.3197992,-25.59737481,455.17732368808686
AAKTSE1,2.8753272366669473e-15,211.42783997338762,-374.8512964,-101.4471473,228.26686463066366
AAKTSE1,3.644181442750041e-15,189.82465029648753,-433.6750158,-68.00247532,71.52529446
AAKTSE1,4.413035648833121e-15,142.59034950847638,-454.8387353,-48.71113669,10.981502071372343
AAKTSE1,5.181889854916202e-15,115.91160427602128,-462.1180103,8.713535277462775,188.6143763472827
AAKTSE1,5.950744060999283e-15,121.86841459912117,-507.2095075,-6.866237201,336.03947284541493
AAKTSE1,6.7195982670823625e-15,134.52855825555505,-519.2010047,93.55732365365036,377.67568045465873
AAKTSE1,7.488452473165444e-15,157.9131464,-516.7158352,136.46755117507615,505.74188806390157
AAKTSE1,8.257306679248525e-15,189.80662334619987,-514.5417769,21.394445363169957,321.5714290064784
AAKTSE1,9.026160885331604e-15,210.76121144707875,-511.8588297,-22.09754934,114.2431921712772
AAKTSE1,9.795015091414686e-15,222.03246621462262,-507.6869935,110.07490040602354,492.4293998
AAKTSE1,-3.65E-15,176.61594320438957,-463.1784907,174.13512792745027,505.50338516754186
AAKTSE1,-2.88E-15,272.4005313052674,-325.9422102,105.83202211554412,331.0051483323406
AAKTSE1,-2.11E-15,275.04845273947933,-269.2903741,57.21336074808191,158.5791337193615
AAKTSE1,-1.34E-15,104.15637417369022,-257.1629824,55.49581049173068,178.02352314678728
AAKTSE1,-5.72E-16,56.23651783012379,-375.1422574,181.41603801315847,475.1026600489601
AAKTSE1,1.9728561271119155e-16,102.77888370877943,-375.1737546,163.6573766456954,529.2799788
AAKTSE1,9.661398187942722e-16,139.4768051429909,-353.757474,43.48871527823406,482.4439641563355
AAKTSE1,1.734994024877353e-15,139.34139324386877,-352.836749,-88.02327942,401.48794954335665
AAKTSE1,2.5038482309604336e-15,104.91820356696893,-320.6915795,121.64583698775368,770.0141571526004
AAKTSE1,3.2727024370435147e-15,60.80279166784664,-282.5141879,27.287175620291418,641.4992536507323
AAKTSE1,1.8252411358328602e-14,36.81071310205846,-190.8034629,102.98851425282922,838.9865724
AAKTSE1,4.810410849209688e-15,35.551967869602315,-213.2282934,57.46318621870044,812.8161133
AAKTSE1,5.579265055292769e-15,57.15655597048122,-244.8364573,53.46159555830962,908.5931290037157
AAKTSE1,6.3481192613758496e-15,145.6411440713591,-260.7668434,-102.2874698,547.6107507543725
AAKTSE1,7.11697346745893e-15,153.9512877277927,-267.6116739,-211.4516868,425.33695836361625
AAKTSE1,7.885827673542011e-15,96.74365360644889,-319.4409489,-202.1214593,407.9431659728591
AAKTSE1,1.5492545220241026e-15,123.9815750406598,-345.7880017,-49.9978984,669.0060402487688
AAKTSE1,2.318108728107183e-15,21.890607585981787,-321.5839433,-7.731004208,700.5544700802348
AAKTSE1,3.0869629341902637e-15,-48.19692553,-339.8843294,5.548112202021578,588.7751221339225
AAKTSE1,3.8558171402733436e-15,-80.70577177,-388.4347155,19.799450834559373,439.4857741876104
AAKTSE1,4.624671346356425e-15,-0.173405889,-376.0662127,229.70856724487518,611.1508706857426
AAKTSE1,5.393525552439506e-15,56.32895998949425,-402.4399322,369.19212809963494,696.9959671838751
AAKTSE1,1.3267807116123588e-14,59.42243697926114,-401.6614294,295.30013339883976,638.2777303486738
AAKTSE1,6.9312339646056805e-15,57.47591396902803,-393.8329266,10.278138698044792,318.3039379579176
AAKTSE1,7.70008817068876e-15,41.754946514350905,-404.4777571,7.949477330582329,423.5890344560494
AAKTSE1,8.468942376771841e-15,26.19842350411744,-414.6425877,83.01303819,758.5430198430702
AAKTSE1,9.237796582854922e-15,46.081496453479694,-449.1474182,77.07104348,764.1603385634251
AAKTSE1,1.0006650788938017e-14,106.4909330392066,-469.5989154,-190.9098401,425.03765728377914
AAKTSE1,1.0775504995021096e-14,33.11461204917536,-406.8515238,-115.2159762,270.51639014554775
AAKTSE1,4.4389318435031745e-15,-142.9876685,-167.953021,59.71839271549329,228.4911836133776
AAKTSE1,5.207786049586268e-15,-337.5097471,-10.98340708,137.53195357025405,139.0729467781764
AAKTSE1,5.976640255669349e-15,-203.735159,-174.8293487,128.2788477583478,142.6147099429752
AAKTSE1,6.745494461752429e-15,-448.1427931,-272.4164015,178.67018639088562,395.3109175522182
AAKTSE1,7.514348667835511e-15,-180.8859828,-405.261232,237.43596946786752,431.3837918281288
AAKTSE1,8.28320287391859e-15,259.5452719675748,-499.8727293,267.37508587818326,488.75777721514964
AAKTSE1,1.946629722400682e-15,140.20874895734173,-403.849782,77.72086895516604,395.94731815772656
AAKTSE1,2.7154839284837626e-15,-26.35777405,-374.929057,-7.766681301,362.77463687808125
AAKTSE1,3.4843381345668433e-15,-9.935408174,-369.2902512,-9.784231558,735.7552889317691
AAKTSE1,4.253192340649924e-15,-66.23748674,-391.4053848,-27.71349899,824.8872541167699
AAKTSE1,5.0220465467330046e-15,-154.8684542,-432.5657709,125.55177904087324,769.7299263724777
AAKTSE1,5.790900752816085e-15,-72.6749772,-439.0083792,-20.72799344,613.9928006483875
AAKTSE1,6.559754958899166e-15,-80.66150022,-444.3998764,-88.40665481,569.5223415909643
AAKTSE1,2.2318180738125743e-16,22.994198996820963,-458.8769292,2.340239382931565,648.5585492002081
AAKTSE1,9.92036013464338e-16,61.50989820880986,-521.0495375,145.96380023769137,607.8758679205624
AAKTSE1,8.86631757714842e-15,23.625597420799465,-504.804368,40.92847220356212,410.0254088631391
AAKTSE1,9.6351717832315e-15,26.372407743899664,-454.6880875,129.69274012902997,690.2146467754137
AAKTSE1,1.0404025989314582e-14,-6.084115266,-407.9873625,35.66781613530473,654.8111574149594
AAKTSE1,1.1172880195397664e-14,-70.23841605,-383.4666374,-95.28973412,433.2640316908693
AAKTSE1,4.836307043879754e-15,-117.6571613,-313.5003569,-175.713951,396.3446837445571
AAKTSE1,5.605161249962835e-15,-126.6070176,-303.1518541,19.426276477363103,666.9764469093562
AAKTSE1,6.3740154560459146e-15,-36.82020731,-337.0433513,61.958726221011915,674.0748767408217
AAKTSE1,7.142869662128996e-15,33.853269682501015,-350.7548485,123.85339818688368,485.55552879450954
AAKTSE1,7.911723868212077e-15,114.18341333893486,-360.4507902,152.61695904164353,269.97729195930833
AAKTSE1,8.680578074295157e-15,142.1339610357726,-396.0033985,316.3694087852923,767.1859238109762
AAKTSE1,9.449432280378238e-15,148.47925620735728,-513.9493401,151.33074741783008,633.6019294000171
AAKTSE1,3.11285912886033e-15,282.80717764156856,-133.8908374,76.18875271703494,-63.9429741
AAKTSE1,3.88171333494341e-15,217.48509907577986,-170.8101123,89.10009134957264,-338.8556554
AAKTSE1,4.650567541026491e-15,-74.90475727,-299.286054,83.18809664877745,-344.6594478
AAKTSE1,5.4194217471095715e-15,-1.462391389,-71.12532899,76.12943528131525,-420.2299068
AAKTSE1,6.188275953192652e-15,191.32775226730212,452.9653960213445,50.44410724718702,-416.5192548
AAKTSE1,6.957130159275733e-15,36.56456259,520.0016765879157,72.80877921,-397.5674916
AAKTSE1,6.205570077578243e-16,-37.03196042,725.3612904878204,108.44678451226262,-451.1079507
AAKTSE1,1.389411213840905e-15,-62.39070565,815.1842377210585,61.715900922578385,-602.2117431
AAKTSE1,2.1582654199239857e-15,-96.07500644,883.647185,-2.019427112,-673.8755355
AAKTSE1,2.9271196260070663e-15,-203.0793072,732.6979099653114,-21.91586626,-654.2393278
AAKTSE1,3.695973832090153e-15,-241.7869413,774.9453016429937,-20.69008318,-648.9642313
AAKTSE1,1.1570255395774236e-14,-229.0390199,763.2238044317872,-54.16874455,-510.7235793
AAKTSE1,5.233682244256327e-15,-382.9599874,788.9545294428026,-8.951850359,-432.1162606
AAKTSE1,6.002536450339408e-15,-207.1542882,1055.1341433427071,52.70726605113815,-552.900053
AAKTSE1,6.771390656422489e-15,-2.234144502,982.6082016870564,-4.919173094,-592.0216231
AAKTSE1,7.540244862505571e-15,-92.8795564,595.8178156,-38.01561224,-641.2009711
AAKTSE1,8.30909906858865e-15,-66.76830163,488.0107628201992,-72.36871805,-674.1447635
AAKTSE1,9.07795327467173e-15,-40.76371353,605.4737100534367,-77.04849053,-716.539667
AAKTSE1,9.846807480754811e-15,-73.97134765,594.6755461755632,-82.15826301,-711.8290149
AAKTSE1,3.5102343292369028e-15,-85.85342622,737.7573822976905,-81.43359104,-705.1650295
AAKTSE1,4.2790885353199834e-15,-48.00217145,575.5914406420392,-82.94780797,-659.4977108
AAKTSE1,5.047942741403064e-15,15.80302270950226,449.1086302995193,-25.28758044,-594.9037254
AAKTSE1,5.816796947486145e-15,69.02478252755105,597.8373351085145,48.87264707731326,-571.5164067
AAKTSE1,6.5856511535692254e-15,-6.756184927,713.0147267861971,-95.2471254,-725.8682546
AAKTSE1,3.8017916808518115e-15,-80.1393746,412.8832295749906,-81.11689788,-734.5951026
AAKTSE1,4.570645886934892e-15,-176.8236754,461.4672879193399,-116.1944481,-635.0144505
AAKTSE1,5.339500093017973e-15,-143.1624206,828.3502351525774,-128.1686651,-599.7915763
AAKTSE1,2.555640620300559e-15,-84.99338808,1069.3731823858147,-118.8703567,-606.7242575
AAKTSE1,6.877208505184147e-15,10.52231113281952,1224.076129619053,-126.4459878,-625.7624944
AAKTSE1,7.646062711267227e-15,37.80801034480839,844.6568546300687,-139.7200027,-639.1796201
AAKTSE1,4.8622032385498135e-15,-12.75073489,786.6231351966399,-110.4799772,-515.3523014
AAKTSE1,5.631057444632894e-15,-22.47281345,786.3027490965444,-90.98086079,-502.1749827
AAKTSE1,6.399911650715975e-15,-0.01600313,712.232363,-78.96507771,-501.6498862
AAKTSE1,3.616052177998561e-15,-2.268081696,690.7897546741314,-218.802628,-555.8236786
AAKTSE1,4.384906384081642e-15,114.83428418253183,726.8738130184807,-406.2246227,-686.6585821
AAKTSE1,5.153760590164722e-15,78.09998339452075,641.1967602517182,-508.9721729,-787.4312633
AAKTSE1,2.3699011174473083e-15,-18.91765073,695.8541519294006,-496.1519454,-813.5739446
AAKTSE1,3.138755323530389e-15,127.08804848516554,961.2826547,-267.5839401,-558.1166259
AAKTSE1,3.9076095296134705e-15,163.92930325271044,940.1522686180983,-214.6259348,-571.6948627
AAKTSE1,4.67646373569655e-15,234.9550024647003,876.0607714068917,-243.3134851,-566.6853218
AAKTSE1,5.4453179417796366e-15,215.77959056557722,685.9070519734631,-318.4099242,-596.6224475
AAKTSE1,6.214172147862718e-15,166.30973422201106,702.6644436511451,-82.35303002,-641.1340177
AAKTSE1,6.983026353945799e-15,263.450989,856.2240576,-209.1616914,-490.4900323
AAKTSE1,4.199166881228385e-15,261.2566882015449,738.0047825620654,-227.6603528,-422.477158
AAKTSE1,4.9680210873114654e-15,246.8401651913117,892.7399520175259,-217.1567919,-412.1142837
AAKTSE1,5.736875293394546e-15,258.4280866255227,775.1951214729852,-286.8110088,-542.6402984
AAKTSE1,2.9530158206771317e-15,230.54934139306758,760.6058464840013,-273.2841146,-564.9940907
AAKTSE1,3.721870026760216e-15,161.96059616061243,814.1187937172391,-239.8716649,-494.1001054
AAKTSE1,4.490724232843297e-15,6.744073150379334,737.5672965060326,-63.45032625,-412.4016755
AAKTSE1,1.7068647601258829e-15,14.91088347347954,822.6446881837148,13.929901266947752,-523.9099124
AAKTSE1,2.4757189662089634e-15,-49.0523062,733.1743020836193,-30.44653788,-499.6125936
AAKTSE1,6.797286851092545e-15,-85.82549588,706.7428048724128,-55.9207548,-513.0274971
AAKTSE1,4.013427378375128e-15,-80.59757445,656.8546409945394,-50.88497172,-534.0635118
AAKTSE1,3.0059247450579612e-15,-67.3285419,614.1764771166662,-55.18029976,-535.196193
AAKTSE1,5.5511357905412916e-15,-33.61506491,608.1683132,-28.19340557,-552.1666521
AAKTSE1,4.543633157224126e-15,-49.07269903,542.1034826942533,-0.766511382,-559.5815556
AAKTSE1,3.5361305239069626e-15,-60.98811093,484.46531881637975,-8.799617194,-637.6642369
AAKTSE1,4.304984729990043e-15,-59.10241172,491.8827104940621,-5.778278562,-677.4113626
AAKTSE1,3.2974820966728767e-15,-67.81115695,566.1323243939667,73.13083784867779,-546.5329328
AAKTSE1,5.8426931421562074e-15,-61.38545774,426.7408271827601,130.83217648121553,132.564386
AAKTSE1,4.835190508839041e-15,20.65690813869303,96.74155219,123.2668484470874,143.82837134164092
AAKTSE1,3.827687875521874e-15,317.6370517951269,38.85449942701385,67.58596485740216,-27.19319883
AAKTSE1,4.596542081604955e-15,528.2127510071158,-29.95366445,-16.45380762,-435.8636579
AAKTSE1,3.589039448287788e-15,538.5795613302157,-11.0845556,74.19035929419547,-601.8617937
AAKTSE1,2.5815368149706216e-15,328.17081609776056,-0.822214429,129.38220297723856,-636.8390204
AAKTSE1,5.126747860453953e-15,212.20207086530547,0.4685105821874913,69.92576383199912,-51.32059061
AAKTSE1,4.119245227136788e-15,43.036658966183374,-214.9896533,284.12265802009216,434.17228366376776
AAKTSE1,4.8880994332198675e-15,-24.38653071,-309.755595,178.23955220818593,194.7129357174556
AAKTSE1,3.880596799902702e-15,60.69361294571717,-305.6226477,106.71311306294568,-216.2364122
AAKTSE1,4.6494510059857855e-15,261.7259788243731,-404.4519227,2.1455628065944925,4.907573158164531
AAKTSE1,3.641948372668619e-15,312.7039003,-635.7823088,-125.4297652,-1.225108121
AAKTSE1,3.522624159051576e-15,321.72182169279586,-834.3349171,-194.7173155,-48.28445607
AAKTSE1,4.291478365134658e-15,166.86701585427977,-862.4777275,-298.4593102,-144.4171373
AAKTSE1,4.172154151517615e-15,-48.90011322,-871.3956893,-368.0868604,-39.10426307
AAKTSE1,3.1646515182004485e-15,-23.62219178,-875.4482977,-259.2366329,96.60527787104809
AAKTSE1,3.9335057242835316e-15,19.417951874085432,-885.4531282,-139.6252943,227.13592992473596
AAKTSE1,3.8141815106664886e-15,30.232539974963416,-849.5212921,-231.1406223,-5.680084688
AAKTSE1,3.694857297049447e-15,123.0382391869522,-738.1705671,-279.6748392,-33.54054375
AAKTSE1,4.019622293282467e-15,151.0383828433861,-631.8776198,-131.9379451,247.4323305302438
AAKTSE1,3.4562088698153628e-15,106.1340821,-669.0480059,34.425615798640465,417.5807603617094
AAKTSE1,3.558929261123352e-15,85.53533682291989,-708.7706143,198.19028776451114,463.3969679709532
AAKTSE1,3.66164965243134e-15,104.10436936824274,-715.4687781,231.12273750816104,424.4720644690852
AAKTSE1,3.653347741276814e-15,171.0722908024536,-632.7036087,210.11629836292056,541.8638276338838
AAKTSE1,3.589534678891029e-15,161.68243445888749,-580.086217,190.52652588434762,579.2233685764606
AAKTSE1,3.608988343352132e-15,188.24924478198744,-577.785492,314.0611978502184,762.0962428523704
AAKTSE1,3.628442007813234e-15,184.61383288286532,-600.3281003,229.6636475938672,524.25911712828065
AAKTSE1,3.509117794196192e-15,186.62286542818822,-582.7118197,71.95720844862795,196.19532473752412
AAKTSE1,3.3897935805791493e-15,192.5796757512881,-564.6455392,108.1863248589438,421.8093101245453
AAKTSE1,3.714558576812169e-15,60.10315274105501,-510.4725919,176.04433015814854,660.7955177337889
AAKTSE1,3.595234363195127e-15,17.372185286377523,-508.6385336,-90.91766454,612.7372808985875
AAKTSE1,3.475910149578085e-15,7.930106720588796,-517.2155864,1.2970074232234636,836.5390440633864
AAKTSE1,3.3565859359610427e-15,13.159139265911683,-536.1526391,-79.35165394,497.80858500596327
AAKTSE1,3.681350932194063e-15,24.96150514,-574.9485808,138.83190691052272,480.1959037263177
AAKTSE1,3.56202671857702e-15,18.20053768988945,-713.790078,124.3088010986155,383.5498891133389
AAKTSE1,3.4427025049599788e-15,27.747348012989747,-658.1015752,-89.48208249,54.58831894480465
AAKTSE1,3.323378291342936e-15,31.037491669423254,-627.2630724,-115.3851883,107.30119322071448
AAKTSE1,3.204054077725893e-15,23.81207977030126,-637.1912363,-29.077183,186.50962305218002
AAKTSE1,3.972908283808977e-15,9.380001204512627,-616.5527335,88.03698391159566,96.73522460081742
AAKTSE1,2.9654056504918104e-15,-36.36207736,-610.0297863,113.43882759463848,272.8687049373339
AAKTSE1,2.846081436874767e-15,-42.17082259,-635.2479502,-5.694278217,229.06157921324356
AAKTSE1,3.614935642957849e-15,-33.5873456,-676.8594474,-160.7296063,104.42445348915358
AAKTSE1,2.6074330096406826e-15,-45.21164639,-707.7120557,-232.7999848,246.26843887617483
AAKTSE1,3.376287215723765e-15,-25.9981694,-732.0157751,-289.8258179,410.7257575965292
AAKTSE1,2.3687845824065986e-15,-17.96469241,-769.7750501,-177.7678126,502.9952985
AAKTSE1,3.137638788489682e-15,-18.33677098,-800.8698807,-102.4686962,510.00706170390487
AAKTSE1,3.906492994572763e-15,23.042261567092115,-804.2713779,9.818198022404014,498.30326931314846
AAKTSE1,2.898990361255596e-15,139.23573855685908,-812.801764,-29.36824112,496.7794769223915
AAKTSE1,3.667844567338677e-15,132.37921554662597,-835.551039,-56.14468027,300.25235119830165
AAKTSE1,2.66034193402151e-15,150.2215814252818,-858.2292028,113.96999169779514,452.65966991865594
AAKTSE1,1.6528393007043437e-15,147.97505841504878,-883.1573667,2.1424414414441424,308.49032197234396
AAKTSE1,4.198050346187678e-15,144.66075762703764,-891.5544195,-12.39177548,291.7231962482544
AAKTSE1,3.1905477128705108e-15,348.5975679501375,-795.8936945,81.86845203985375,328.4349594130525
AAKTSE1,2.1830450795533445e-15,701.2810449399053,-545.4340806,144.43867956128057,154.1422781334074
AAKTSE1,2.9518992856364252e-15,795.8300774852272,-528.9500222,193.8277959715964,-7.358180924
AAKTSE1,1.9443966523192586e-15,720.7368878083273,-569.7326305,137.93357904857814,-5.656417759
AAKTSE1,4.4896076978025905e-15,596.4848092425391,-454.7452389,239.51380657000496,211.54423429447084
AAKTSE1,3.482105064485423e-15,684.5905084545279,-344.1645139,464.2595896469877,435.0526641259366
AAKTSE1,6.98245591768006e-16,778.7028743331838,-256.2293444,557.5942616128585,208.4433161796245
AAKTSE1,5.0198134766515876e-15,692.8652402118399,-482.0319527,447.0444891342853,-105.1438095
AAKTSE1,5.788667682734668e-15,509.9198283127172,-706.8456722,59.71804998904541,-124.2531575
AAKTSE1,3.0048082100172547e-15,351.97441641359546,-835.4405027,95.38161084380589,150.60860567402113
AAKTSE1,3.773662416100338e-15,168.7390045144733,-840.8108888,300.1973939207877,388.5692577277088
AAKTSE1,4.542516622183419e-15,107.0235926153513,-754.452386,188.51317699777047,381.78990978139666
AAKTSE1,1.7586571494660049e-15,101.61484738289622,-714.4372166,105.4700711858643,437.0838951684178
AAKTSE1,2.5275113555490855e-15,146.0783243726631,-677.6464915,20.336965373957057,436.8489916665501
AAKTSE1,3.2963655616321666e-15,131.4818013624304,-691.7957665,14.976081784272878,510.3307548
AAKTSE1,5.125060889147524e-16,137.84527835219686,-772.189486,65.48630930569963,390.0736291072591
AAKTSE1,1.281360294997833e-15,145.56875534196377,-880.6932054,114.68653682712645,374.4420589387247
AAKTSE1,2.0502145010809136e-15,124.30556566506392,-891.5235915,142.13120879299723,304.6171554368565
AAKTSE1,2.819068707164001e-15,77.31015376594155,-775.1761998,174.86588075886905,457.0644741572114
AAKTSE1,3.587922913247081e-15,25.629186311264426,-691.8554748,244.32721939140683,620.2940150997881
AAKTSE1,4.356777119330162e-15,-69.85844781,-592.7325276,156.48744691283358,333.8046671534759
AAKTSE1,1.572917646612748e-15,-202.6338597,-588.1384692,172.85545221203844,343.82420809605264
AAKTSE1,2.341771852695829e-15,-261.9217969,-594.3608755,245.60567973346522,449.43930459418533
AAKTSE1,3.1106260587789093e-15,-203.5169057,-637.9414637,79.74146281044699,317.2821788700953
AAKTSE1,3.87948026486199e-15,-198.8500954,-642.7618498,22.38946810965176,366.0794975904494
AAKTSE1,1.095620792144576e-15,-93.48995175,-653.7244581,175.4530289644116,559.7845941
AAKTSE1,1.8644749982276567e-15,7.966858572965958,-632.6315108,256.54881204139434,574.2441350311589
AAKTSE1,2.6333292043107437e-15,0.5936688960662693,-639.9030081,264.10015067393215,567.6392315292907
AAKTSE1,-1.51E-16,39.388257,-655.3167275,274.5114893,581.5354391385334
AAKTSE1,6.183239376764104e-16,91.88395620893336,-547.5004469,210.66949460567474,380.6805356366663
AAKTSE1,4.939891822559992e-15,127.87965542092249,-432.4641664,133.92861101599053,489.0178543570211
AAKTSE1,2.156032349842578e-15,219.96091018846718,-618.6534413,135.68994964852834,475.40850641070864
AAKTSE1,2.9248865559256588e-15,89.54994273379005,-511.0960497,-6.05982283,181.97249179772973
AAKTSE1,3.6937407620087394e-15,91.71119750133391,-565.3764358,-21.32181753,-33.50018948
AAKTSE1,9.098812892913257e-16,63.456896713323815,-325.2190441,-73.48714556,-307.9295374
AAKTSE1,1.6787354953744062e-15,5.354818147534722,-414.997208,8.259748623,47.46111462546018
AAKTSE1,2.447589701457487e-15,3.2282951373015933,-126.0809274,132.15108725566225,267.36510001248104
AAKTSE1,3.216443907540574e-15,-42.83267232,281.3742420520407,244.91687033264506,350.77797428839085
AAKTSE1,3.9852981136236545e-15,79.64524912,413.6905226186117,167.30709785407188,179.4964041198566
AAKTSE1,4.754152319706735e-15,207.57539277326927,217.32124762962763,76.75510315327568,108.50705617354444
AAKTSE1,5.523006525789816e-15,127.4910919852582,150.1886393,40.75533067470245,-275.2556251
AAKTSE1,6.291860731872897e-15,88.41456897502502,264.19491987388085,0.40222486279618686,-410.2116397
AAKTSE1,-4.47E-17,90.67693485368093,146.72008932934114,-41.81088095,-323.0609877
AAKTSE1,7.241417864380686e-16,-105.8562548,-268.6414079,-72.32843121,-238.0214467
AAKTSE1,1.4929959925211493e-15,-162.3205556,-577.7240162,29.122907427076587,-438.3019058
AAKTSE1,2.2618501986042304e-15,3.019588045203639,-589.0044023,85.66889252,-551.2717588
AAKTSE1,3.0307044046873106e-15,28.48306503497053,-586.6558995,100.27447358104118,-582.9128239
AAKTSE1,3.799558610770398e-15,44.396542024737414,-614.6296189,61.675812213579015,-573.8121718
AAKTSE1,4.568412816853478e-15,28.97113012561529,-603.3822273,18.032706401672783,-571.0359642
AAKTSE1,-1.77E-15,-21.966504,-558.2503911,-96.73595497,-639.1408677
AAKTSE1,-9.99E-16,-174.0641381,-326.6263328,-180.2723941,-729.2068823
AAKTSE1,-2.30E-16,-182.74955,51.29439220625969,-96.9332777,-778.6606747
AAKTSE1,5.384022835848119e-16,-158.556073,57.519561661719095,-87.9152724,-812.4444671
AAKTSE1,1.3072564896678924e-15,-312.5981516,116.26806445051295,-98.96282266,-853.3460373
AAKTSE1,2.076110695750973e-15,-294.4102302,168.2121227948619,-89.92481736,-860.843163
AAKTSE1,-4.26E-15,-252.7467532,6.181736694766357,13.908743496104321,-669.012511
AAKTSE1,-3.49E-15,-293.4332762,-221.8008716,65.42008212864206,-446.7874145
AAKTSE1,-2.72E-15,-134.7686881,-282.4157022,106.96586520562491,-411.5412069
AAKTSE1,5.151527520083309e-15,-120.0152111,-290.8694216,-45.50168505,-290.8405548
AAKTSE1,5.920381726166389e-15,-27.3117341,-306.6053633,-91.64367975,-276.4299028
AAKTSE1,6.6892359322494705e-15,58.19952066948498,-362.5057494,-148.16123,-191.5292507
AAKTSE1,3.526627807315612e-16,35.58521988,-390.2783577,-83.72100249,26.20584579912043
AAKTSE1,1.121516986814642e-15,40.008696871240744,-383.0398549,69.16366947942586,214.1564978528083
AAKTSE1,1.8903711928977225e-15,89.52550719,-163.2946854,-134.4327697,121.6727054620521
AAKTSE1,2.6592253989808032e-15,116.11565085077454,-30.33284932,-209.2203199,-270.1733092
AAKTSE1,3.428079605063884e-15,127.15912784054146,528.6678756938118,-285.0423146,-405.5759904
AAKTSE1,4.196933811146965e-15,221.11704927475233,424.4497118159388,-274.3443093,-392.1642273
AAKTSE1,4.965788017230045e-15,160.79608182007522,203.9226590491762,-186.8307485,-378.3469085
AAKTSE1,-1.37E-15,-50.81266341,608.9778285046367,-147.2771876,-402.0995898
AAKTSE1,-6.02E-16,-37.50251976,604.7485535156521,-76.47140454,-441.5533822
AAKTSE1,1.6692327787829799e-16,29.877623900486906,648.7248340822235,43.31882298417324,-429.7527302
AAKTSE1,9.357774839613789e-16,30.899181698334807,753.3337409114209,-108.3309495,-524.8987448
AAKTSE1,1.7046316900444596e-15,213.85346676890973,519.5573952153653,-167.0996109,-480.5825372
AAKTSE1,2.47348589612754e-15,176.85472153645458,-183.3363242,-105.6404945,-495.060774
AAKTSE1,-3.86E-15,144.27375408177647,-226.7611548,-125.0747114,-360.3090108
AAKTSE1,-3.09E-15,111.08723107154336,-79.3748742,36.06996059130717,158.0594189951948
AAKTSE1,-2.33E-15,91.55848583908828,73.72918414831695,159.76241033495597,227.25340438221625
AAKTSE1,-1.56E-15,-63.07914828,-98.90231306,133.44152674527172,32.72294532479243
AAKTSE1,-7.88E-16,-190.6112268,-335.6026992,221.45064315558747,-54.74751373
AAKTSE1,-1.88E-17,-232.1055276,-348.7086408,239.68864845479231,28.756471654390104
AAKTSE1,7.85546533870913e-15,-227.7287173,-319.4190269,165.4677648651081,73.01379037474497
AAKTSE1,1.5188921871912088e-15,-257.5330181,-357.7983019,128.09132571986794,-9.935557572
AAKTSE1,2.28774639327429e-15,-41.14176333,-347.8097991,57.221553241294714,24.282872259898394
AAKTSE1,3.0566005993573828e-15,48.153935878567516,-387.0212963,3.545114096054494,222.98463542469742
AAKTSE1,3.8254548054404634e-15,28.055190646112393,-465.2827935,-117.1779917,97.13639858949624
AAKTSE1,4.594309011523544e-15,-27.88355459,-487.2998463,-28.00776419,187.45705064318406
AAKTSE1,5.363163217606625e-15,-20.31229982,-489.7413435,16.038018882557864,467.6788138079831
AAKTSE1,-9.73E-16,-32.1854895,-524.395063,92.66269084842862,542.8283547505597
AAKTSE1,-2.05E-16,-0.144234728,-536.4143379,-108.7770816,344.89345124869146
AAKTSE1,5.642984782548777e-16,7.853686706057863,-611.9369463,-102.8379652,191.39743663571318
AAKTSE1,1.3331526843379582e-15,-2.333947415,-622.5328879,48.10448452382004,383.1169775782902
AAKTSE1,2.102006890421039e-15,50.05619624114763,-429.1977185,93.59137871191378,375.5287407430888
AAKTSE1,2.8708610965041196e-15,168.46856211980315,-267.3369935,252.30382845556264,483.69161501899885
AAKTSE1,-3.47E-15,406.3664835540144,-181.0696018,-11.82594402,268.6222670726866
AAKTSE1,-2.70E-15,620.7799605437813,-490.7777657,-51.4857165,227.25291912637442
AAKTSE1,-1.93E-15,692.6356597557701,-462.3848184,147.91339990873203,462.1791267356174
AAKTSE1,-1.16E-15,507.2169145233151,-391.9507601,202.8069608,417.4942232337501
AAKTSE1,-3.90E-16,379.37483595752695,-277.1122573,167.92663272936306,290.1818197318823
AAKTSE1,3.7855897540161443e-16,467.1738685028488,-304.0837545,23.095193584123354,413.3355273411257
AAKTSE1,1.147413181484695e-15,272.50067882594874,-435.9641406,-93.63457889,433.5328460614805
AAKTSE1,-5.19E-15,156.76082248238265,-486.0067489,-237.651018,398.61683144850133
AAKTSE1,2.685121593650869e-15,-19.68014497,-496.6082461,-161.3396794,461.1452613
AAKTSE1,3.453975799733937e-15,49.69555424,-423.8297433,-79.82389633,545.3881356
AAKTSE1,-9.99E-15,60.99125345168331,-378.8312406,-50.5625577,552.7632320540092
AAKTSE1,-9.22E-15,-36.76749178,-313.7705155,43.56655871268411,577.9149952188087
AAKTSE1,-8.45E-15,-98.47401479,-372.754235,-35.73876932,446.05009171694036
AAKTSE1,-7.68E-15,97.11612887,-373.1690655,-43.7045014,354.2774104372954
AAKTSE1,-6.91E-15,234.5569795925689,-337.9345021,-54.67386983,507.26028471320507
AAKTSE1,-6.14E-15,258.3597495116288,-438.9965044,-197.7380868,353.67204787800387
AAKTSE1,-5.37E-15,212.7076709458407,-424.0968905,-282.1923037,254.52714437613605
AAKTSE1,-4.61E-15,253.20559238005157,-373.381721,-218.1020762,420.7133519853795
AAKTSE1,-3.84E-15,225.07906936981848,-451.0732182,-122.3607375,409.41067070573405
AAKTSE1,-3.07E-15,161.48254635958537,-422.4713821,136.37615666187648,564.5668783149777
AAKTSE1,-2.30E-15,44.84157890490724,-443.4851016,-64.43139359,258.91530814644295
AAKTSE1,1.268022627273093e-14,162.04950033911913,-54.78770988,-202.880055,97.13818242
AAKTSE1,1.3449080478814011e-14,399.3807551,57.48301513348211,-139.6887163,-40.05116552
AAKTSE1,7.07996969511326e-18,642.7564543,-65.8607043,10.279288969805652,-40.47940236
AAKTSE1,7.759341757781939e-16,412.0399313084198,-129.8922015,71.32951649,-21.51208364
AAKTSE1,1.5447883818612746e-15,-26.86436948,147.03074572208473,44.23974401265921,-387.0614316
AAKTSE1,2.3136425879443553e-15,-80.98422582,172.1603596219893,12.56108265,-595.575224
AAKTSE1,3.082496794027436e-15,110.69702894438745,302.6410846330051,5.470199056,-538.2734608
AAKTSE1,3.851351000110529e-15,116.02272815637636,194.14180964402055,-6.289573423,-524.3761421
AAKTSE1,4.620205206193611e-15,74.54509403503228,156.38031243281398,-12.30601257,-562.1699345
AAKTSE1,5.3890594122766906e-15,145.45190435813214,456.55325966605176,146.1099725288842,-542.3208986
AAKTSE1,6.157913618359771e-15,407.49871468123206,735.0873180104008,85.01888691899798,-612.9686304
AAKTSE1,6.926767824442852e-15,413.8677472265549,582.7291541325276,98.06133666264674,-587.7468672
AAKTSE1,7.695622030525933e-15,365.46122421632185,372.2243235879876,56.09156418407353,-585.1862152
AAKTSE1,8.464476236609013e-15,356.0480345394218,302.8517152656697,66.10734726105633,-603.9111187
AAKTSE1,9.233330442692094e-15,250.7826226402996,221.28021805446372,64.90979700470513,-629.2204666
AAKTSE1,-4.21E-15,241.23165518562251,120.8598319543679,53.68224674835393,-639.8075923
AAKTSE1,-3.44E-15,144.89513217538942,229.9738902987169,38.74247426978069,-690.3036069
AAKTSE1,-2.67E-15,179.08860916515627,525.4368375319548,32.12492401342949,-744.6396216
AAKTSE1,-1.90E-15,175.84208615492315,488.16534032074816,20.91292931263429,-806.7623028
AAKTSE1,-1.13E-15,117.21778536691303,477.95828755398594,25.000934611839078,-844.9949841
AAKTSE1,-3.64E-16,58.87237346779005,429.08345700944597,31.641162133265883,-865.3821098
AAKTSE1,4.044551700716802e-16,151.39251712422387,569.8008486871283,25.15694521,-868.8359022
AAKTSE1,1.1733093761547609e-15,64.14377189176875,475.18935147592185,21.962930307432483,-922.9872704
AAKTSE1,1.9421635822378415e-15,24.980582214868612,352.7378542647152,22.376289141990256,-1000.263487
AAKTSE1,2.7110177883209226e-15,299.8151703157465,449.64413483128664,79.11540555230603,-1021.890613
AAKTSE1,3.479871994404003e-15,428.3142028610695,496.74041539785804,91.82229974039963,-1050.489961
AAKTSE1,4.2487262004870836e-15,428.3399020730583,368.6633626310955,-18.80080607,-1095.745975
AAKTSE1,-9.19E-15,504.64893461838125,428.6063098643329,-302.5272452,-1208.91199
AAKTSE1,-8.42E-15,453.0568560525921,319.7448126531263,-198.1547955,-1228.176691
AAKTSE1,-7.66E-15,494.490333,602.5988709974757,-148.3690124,-1221.811797
AAKTSE1,-6.89E-15,599.17381,887.2240404529355,-111.4287849,-1194.764478
AAKTSE1,-6.12E-15,512.9672870218927,654.7980987972846,-56.74077958,-1084.510493
AAKTSE1,-5.35E-15,313.64965290054863,507.7266015860781,-93.98166317,-1050.874285
AAKTSE1,-4.58E-15,180.89424100142656,389.5128821526494,-79.5069912,-1012.399189
AAKTSE1,-3.81E-15,148.81105132452643,513.1236071636649,-47.43565257,-867.0396478
AAKTSE1,-3.04E-15,196.46341720318236,566.7554432857922,-55.76875838,-870.9312179
AAKTSE1,-2.27E-15,279.12689419294924,339.6383905190296,-90.82630864,-787.3105659
AAKTSE1,-1.50E-15,268.4081489604941,292.55689330782303,-123.6605256,-651.4665805
AAKTSE1,-7.36E-16,305.1671815,307.1153960966164,-67.82252026,-507.9270395
AAKTSE1,3.297616436515383e-17,118.15510294002789,255.25389888540988,-400.4978483,-540.8674986
AAKTSE1,-1.34E-14,-81.33253118,153.32240167420326,-761.0820652,-702.2679577
AAKTSE1,-1.26E-14,93.66932965,51.55090446299669,-580.4818377,-742.6195278
AAKTSE1,-1.19E-14,319.3744227982166,-65.78503719,-674.4316102,-749.1544313
AAKTSE1,-1.11E-14,560.9601220102064,-57.79208996,-492.3080493,-550.4182237
AAKTSE1,-1.03E-14,519.7424878888623,79.19641282937688,104.99884486973087,-7.805349438
AAKTSE1,4.646101400863663e-15,271.6281871008512,13.412693395948118,-44.98870539,113.32974706052703
AAKTSE1,5.414955606946744e-15,103.06944186839618,-95.67658159,-110.2007001,-88.58404533
AAKTSE1,6.183809813029825e-15,109.27847441371806,-125.7169677,-175.8460281,-88.21117105
AAKTSE1,6.952664019112905e-15,99.83528473681895,-87.10513157,-208.9980228,-108.0549634
AAKTSE1,7.721518225195986e-15,50.90431728214079,-31.67107323,-169.6766842,-86.63875584
AAKTSE1,8.490372431279066e-15,74.15112760524191,-35.34812599,-226.15979,-94.11143712
AAKTSE1,9.259226637362147e-15,59.991271261674605,-16.10184543,-133.1884514,76.31588160487618
AAKTSE1,1.0028080843445228e-14,95.91474825144148,-4.116675971,-52.72711274,137.34986699189724
AAKTSE1,-3.41E-15,201.3993363523204,-48.20706207,-123.4591074,-17.83948095
AAKTSE1,-2.65E-15,194.66170223097527,-65.88855928,-107.5466577,55.216726654828534
AAKTSE1,-1.88E-15,151.4040681096312,-296.2400565,-63.13754128,22.564045375182765
AAKTSE1,-1.11E-15,108.98421176606506,-323.7015537,-83.54842487,-34.13752479
AAKTSE1,-3.39E-16,52.75213320027594,-376.4830509,43.20958042605716,139.1531272603364
AAKTSE1,4.3035136474173343e-16,75.43116574559885,-427.8745481,45.198696836372974,547.3448904251359
AAKTSE1,1.199205570824814e-15,59.20908717980974,-409.4449342,38.72225769113274,588.7544313677121
AAKTSE1,1.9680597769078947e-15,19.597008614021146,-442.4908759,61.75359632367071,680.1506389769559
AAKTSE1,2.7369139829909754e-15,4.4882633815662345,-503.3301509,-89.96284282,453.4724021417544
AAKTSE1,3.505768189074056e-15,299.1884070379994,-628.5838703,-223.0070597,253.19638752877546
AAKTSE1,4.274622395157137e-15,377.5452173611003,-448.769812,-192.5357211,205.08370624913027
AAKTSE1,5.0434766012402174e-15,137.55202768420017,-415.2179758,-194.7866047,302.63769163615115
AAKTSE1,5.812330807323298e-15,98.52550467396708,-453.5550286,-147.3219327,416.9438992453945
AAKTSE1,-7.63E-15,129.16898166373394,-473.1665258,-159.6350385,442.85899574352675
AAKTSE1,-6.86E-15,104.3424586535009,-513.358023,-193.2770332,390.31964779721454
AAKTSE1,-6.09E-15,77.60593564326776,-546.8695202,-39.49236128,486.8514109620134
AAKTSE1,-5.32E-15,126.93607929970166,-514.7899063,74.00453290540068,546.3909519045902
AAKTSE1,-4.55E-15,158.93733406724556,-463.7125147,-89.09412846,327.9349372916116
AAKTSE1,-3.79E-15,176.7096999459014,-572.1240119,-106.4127898,199.76781156752085
AAKTSE1,-3.02E-15,-33.47460084,-355.6077313,-152.6803401,108.84290806565365
AAKTSE1,-2.25E-15,-113.5089016,-295.8725619,-87.94455701,99.28356011934147
AAKTSE1,-1.48E-15,-4.510980196,-253.3418368,81.77455940142364,131.12421217302926
AAKTSE1,-7.10E-16,63.20027457163599,-403.3800007,-6.529657522,108.84819756005008
AAKTSE1,5.887235903523226e-17,178.1326404502919,-566.4270535,75.53168111094425,310.29773850262717
AAKTSE1,8.277265651183129e-16,208.95500632894777,-620.3729951,-73.46031359,335.7561683340928
AAKTSE1,1.5965807712013936e-15,224.13403887426963,-649.1933812,-171.138975,521.5734870544476
AAKTSE1,-1.18E-14,47.891960308481586,-650.0382118,-264.9898585,364.043028
AAKTSE1,-1.11E-14,15.543215076026044,-712.8763757,-237.7329644,168.88812449515618
AAKTSE1,-1.03E-14,32.152247621348344,-730.1345395,-1.328292393,233.70099877106603
AAKTSE1,-9.54E-15,130.72239127778224,-688.1171479,91.25749068394902,235.8160952691985
AAKTSE1,-8.77E-15,156.2180904897711,-684.0819784,127.76882931648679,267.39785843399767
AAKTSE1,-8.00E-15,150.56378970176002,-677.2945867,249.86461239346957,429.78295493212977
AAKTSE1,-7.23E-15,144.41504446930492,-673.2849728,268.8259510260073,596.8424958747063
AAKTSE1,-6.46E-15,139.98852145907182,-666.62647,265.46840076965617,802.6420368172832
AAKTSE1,-5.69E-15,175.4831095599497,-684.6524117,285.60973940219395,807.1182444
AAKTSE1,-4.93E-15,150.32658654971658,-703.8305756,174.75107803473173,650.1911187024367
AAKTSE1,-4.16E-15,146.9545079839285,-659.1976283,118.07241666726952,479.7239929783465
AAKTSE1,1.0822831244198389e-14,132.71242941813935,-620.0424589,332.96931085536323,668.7846450320344
AAKTSE1,-2.62E-15,150.59368418568428,-591.4761783,295.32509393234614,636.4775193079444
AAKTSE1,-1.85E-15,122.33049450878416,-578.3054533,147.70976589821692,665.8559491
AAKTSE1,-1.08E-15,125.01952705410703,-575.2125061,-7.015562136,462.79771230420977
AAKTSE1,-3.13E-16,149.23633737720692,-587.4384477,69.15688760773736,496.23058658011865
AAKTSE1,4.562475594118118e-16,132.45981436697383,-636.6255005,222.41044846249733,702.5279053004734
AAKTSE1,1.2251017654948925e-15,69.01329135674071,-732.5914422,233.4373426505911,661.9018906874946
AAKTSE1,1.9939559715779728e-15,26.592323902063594,-735.0340505,229.51090350535085,611.4592094
AAKTSE1,2.762810177661054e-15,7.3846897807185226,-714.5644366,173.70446436011068,235.69986146153695
AAKTSE1,3.5316643837441345e-15,34.489681922001395,-689.9948227,205.5513585482045,390.8138468
AAKTSE1,4.300518589827215e-15,55.79386598247498,-673.237431,165.4104749585202,450.19783223557965
AAKTSE1,5.069372795910296e-15,42.55734297224187,-481.1800393,126.28181359105807,449.0351509559338
AAKTSE1,5.838227001993377e-15,303.59081996200905,-557.6482032,109.23093000137384,425.8380252318442
AAKTSE1,6.607081208076457e-15,214.5865191739979,-475.9819226,255.6022686339116,468.6931217
AAKTSE1,-6.83E-15,69.89999616376477,-381.7978643,86.34916282200538,115.0393293392198
AAKTSE1,-6.07E-15,-4.232082402,-416.7671393,2.591612566,74.63998139290806
AAKTSE1,-5.30E-15,44.99806125440962,-452.6764143,3.0529511981919994,215.40285566881744
AAKTSE1,-4.53E-15,0.6570937997315198,-429.3768004,153.82317871961882,504.97461883361655
AAKTSE1,-3.76E-15,34.74501523,-367.922136,222.68340624104556,585.1063819984151
AAKTSE1,-2.99E-15,151.1840477792663,-434.4453503,34.73141154025034,370.82703405210333
AAKTSE1,-2.22E-15,150.50308032458818,-488.4701809,66.74941683945517,417.93990832801313
AAKTSE1,-1.45E-15,122.57726438506207,-438.3375367,311.5040888,701.2583381594785
AAKTSE1,-6.84E-16,4.784478748566968,-425.7776198,377.5732052156418,738.6667679909443
AAKTSE1,8.476855370528545e-17,14.530177960555946,-463.8835614,249.93565495929053,557.7229756001879
AAKTSE1,8.536227597883661e-16,-22.36412283,-535.8750586,156.47477136960632,430.18029432054203
AAKTSE1,1.6224769658714468e-15,-51.17064584,-545.6510003,142.84722111325507,361.1742797075628
AAKTSE1,2.391331171954528e-15,-77.41050218,-547.9369419,237.64967085690427,594.6915984279177
AAKTSE1,3.1601853780376077e-15,-180.1881363,-556.8628836,340.76545393388676,822.0722504816055
AAKTSE1,3.929039584120689e-15,-228.9724371,-608.3810475,292.37012589975757,625.9540136464044
AAKTSE1,4.6978937902037695e-15,-461.8045157,-613.5892113,209.2259089767403,440.60355458898107
AAKTSE1,5.46674799628685e-15,-210.4702306,-533.5664661,150.13946983150012,456.8197621982249
AAKTSE1,6.235602202369931e-15,-82.4997839,-443.2077613,98.78969735292686,141.62152536302347
AAKTSE1,7.0044564084530115e-15,67.42369309067986,-469.9003696,-19.56118624,19.385510750044247
AAKTSE1,-2.06E-14,72.89050341377978,-530.4952002,-29.37318094,6.396162803732352
AAKTSE1,-1.99E-14,-70.8260196,-510.2878085,-123.6251756,64.56014819075314
AAKTSE1,-1.91E-14,-148.9069871,-382.7948613,-184.1182815,-39.59031087
AAKTSE1,-1.83E-14,-162.7201767,-97.9074696,-139.6147206,-86.95410326
AAKTSE1,-1.76E-14,-199.7766997,278.03214429923025,43.96884025926561,102.22432657403957
AAKTSE1,-1.68E-14,-270.9476672,184.80398042135738,-101.9809322,-374.6205769
AAKTSE1,-1.60E-14,-347.311968,39.13914987681708,-71.89626025,-229.4321471
AAKTSE1,-1.53E-14,-133.7251577,150.4576526656108,-186.6860327,-241.9392728
AAKTSE1,-1.45E-14,17.124985998581906,261.36615545440384,-262.4913608,-316.2663985
AAKTSE1,-1.37E-14,-11.0004259,544.0757693543084,-256.3233555,-360.9624132
AAKTSE1,-1.30E-14,32.55416220033771,504.02649436532397,-171.4775724,-460.6828722
AAKTSE1,-1.22E-14,-45.11236081,472.3716638207841,-176.5406782,-498.8199979
AAKTSE1,-1.14E-14,76.70889395764945,552.8001666095776,-159.5826729,-525.8860126
AAKTSE1,-1.07E-14,25.046815391860385,607.8164471761489,-113.8024454,-541.7753605
AAKTSE1,-9.88E-15,-241.5808187,568.7093944093866,-101.7099956,-570.5747084
AAKTSE1,-9.12E-15,-205.1773417,888.6123416426242,-80.90421256,-598.7940564
AAKTSE1,-8.35E-15,-262.886087,599.1841777647512,-33.70954059,-706.5634043
AAKTSE1,-7.58E-15,-45.24705443,612.2393472202114,-11.17931307,-733.1038634
AAKTSE1,-6.81E-15,95.96975589625082,866.9711833,-5.774641107,-685.6365447
AAKTSE1,-6.04E-15,155.15767733046272,964.2241305755754,-84.17663581,-540.0347815
AAKTSE1,-5.27E-15,187.0867098757846,916.0681889199248,-482.7786305,-529.3907961
AAKTSE1,-4.50E-15,133.66018686555145,819.2400250420512,-439.748403,-589.1901441
AAKTSE1,-3.73E-15,60.02699718865167,727.4751944975117,-348.0003977,-639.3606031
AAKTSE1,-2.96E-15,154.75714084508527,749.5036973,58.09871872193069,-632.0499511
AAKTSE1,-2.20E-15,25.489506723741194,782.5977556306544,155.88227957669048,-684.4781879
AAKTSE1,-1.43E-15,42.39853926906305,732.9118139750029,-31.44638179,-646.128647
AAKTSE1,-2.91E-14,59.54423848105295,664.3836500971292,-23.67059871,-611.7279949
AAKTSE1,-2.83E-14,40.77104880415282,735.8365973303676,-62.37259341,-617.308454
AAKTSE1,-2.75E-14,20.988970238363756,815.9506556747169,-60.56236589,-612.1855797
AAKTSE1,-2.68E-14,54.934669450353645,611.2713807,-69.79547171,-622.8949276
AAKTSE1,-2.60E-14,20.131479773453528,176.36321680785903,-63.81524418,-683.5509423
AAKTSE1,-2.52E-14,80.16495676,174.19171959665243,-15.59501666,-772.7691791
AAKTSE1,-2.45E-14,-216.0671218,11.255777941001298,-13.90367803,-823.6429715
AAKTSE1,-2.37E-14,-224.2080893,-288.9901637,-15.25567273,-884.0523194
AAKTSE1,5.492644190956954e-15,-261.4168345,-363.7738831,-30.82211188,-908.2294451
AAKTSE1,6.261498397040009e-15,-212.5233575,-392.832047,-32.43521769,-917.0610153
AAKTSE1,7.030352603123115e-15,-168.5809916,-463.6268776,44.976120944922954,-928.6748077
AAKTSE2,9.69143031273446e-15,417.76676061801174,-298.8020729,-212.5698839,-458.4293264
AAKTSE2,1.046028451881754e-14,354.8113487188895,-356.8569035,-237.8385452,182.28688122174484
AAKTSE2,1.1229138724900622e-14,367.3170479308785,-358.1084007,30.061682277711895,519.3475332754326
AAKTSE2,1.1997992930983704e-14,313.19941380953435,-342.0398979,-30.10253465,357.9259631068984
AAKTSE2,1.2766847137066783e-14,268.20733524374623,-344.4436173,6.9988039872314785,273.6121707161413
AAKTSE2,1.3535701343149864e-14,221.92909506179518,-351.8773368,27.095698175325584,321.21060054760704
AAKTSE2,1.4304555549232945e-14,173.47873366772404,-336.9643895,-30.61629653,457.4390303790728
AAKTSE2,1.5073409755316022e-14,176.29776621304694,-378.7458867,7.907264329289852,447.13301576609376
AAKTSE2,1.5842263961399106e-14,174.45235431392484,-416.6118284,8.413047406272703,511.8414455975595
AAKTSE2,1.6611118167482187e-14,117.16461918247973,-356.8188812,-11.13672507,603.2920976512473
AAKTSE2,1.7379972373565267e-14,33.43930829345862,-385.3237117,8.510169115793264,608.7194163716022
AAKTSE2,1.8148826579648348e-14,26.871674172114112,-384.1496534,162.12372997055303,693.3634018
AAKTSE2,1.8917680785731432e-14,-281.4837377,-505.8944839,331.62173526975783,626.4584982567549
AAKTSE2,1.9686534991814513e-14,-509.0347052,-462.9935569,244.9430739022956,379.17803919933164
AAKTSE2,2.0455389197897593e-14,-576.249006,-533.0419228,275.0566347570554,268.0253579196865
AAKTSE2,-7.20E-15,-319.5110845,-469.5278644,369.51797338959415,583.7848988622633
AAKTSE2,-6.43E-15,-99.68538532,-314.532695,321.25708979990895,594.2511064715061
AAKTSE2,-5.66E-15,-58.17301944,-375.3408589,282.6673173,561.3762029696389
AAKTSE2,-4.89E-15,-8.889542455,-371.0823561,301.3031003983186,718.1301883566598
AAKTSE2,-4.12E-15,31.033934534693632,-403.0938533,331.0055501419673,720.7119515214586
AAKTSE2,-3.35E-15,13.937411524460515,-404.2453505,289.8068887745051,523.2103813529244
AAKTSE2,-2.58E-15,67.29422184756038,-360.920181,239.59600518482094,561.4599222955012
AAKTSE2,-1.82E-15,-140.1223012,-368.3850116,307.8762327062477,665.8472410158557
AAKTSE2,-1.05E-15,-250.7921575,-347.6298421,273.40868244989684,639.7090041806548
AAKTSE2,-2.78E-16,-153.1553472,-281.4957838,160.83668774910134,671.6018784565646
AAKTSE2,4.910760344075205e-16,-141.3588399,-293.2282911,73.88913749275108,683.4025305102524
AAKTSE2,1.2599302404906012e-15,-183.3106154,-334.4187782,-89.35285721,534.7631825639403
AAKTSE2,2.028784446573682e-15,-290.8682495,-381.505831,-201.9770741,760.3271679509617
AAKTSE2,2.7976386526567625e-15,-315.0847726,-448.3339949,-290.0660385,811.8944866713159
AAKTSE2,3.566492858739843e-15,-339.6412956,-460.4788254,-324.9710635,797.8162498361147
AAKTSE2,4.335347064822924e-15,-219.5489297,-520.9069893,78.40027509988413,812.7735685564696
AAKTSE2,5.104201270906005e-15,-181.3910083,-558.5595976,160.91828039908887,801.4586650546013
AAKTSE2,2.0083910192191092e-14,-78.20753127,-463.4799837,157.99850792051566,692.0970948860672
AAKTSE2,2.0852764398274173e-14,120.63483461365212,-427.0348142,224.19873544194252,749.5877469
AAKTSE2,7.410763889155272e-15,203.56942271453002,-520.9629781,339.49451851892525,542.8695101045538
AAKTSE2,8.179618095238352e-15,223.15956637096386,-482.8678087,437.1191905,830.4390510471305
AAKTSE2,8.948472301321433e-15,24.104154471841895,-393.4115281,401.8660846728898,890.4674808785962
AAKTSE2,9.717326507404514e-15,-130.8434796,-385.9308031,459.1696455276496,966.2592440433953
AAKTSE2,1.0486180713487594e-14,-293.5377804,-492.9967447,402.7076508268534,605.8754517
AAKTSE2,1.1255034919570675e-14,-291.1865257,-529.3226864,314.87676723717016,426.80832592854887
AAKTSE2,1.2023889125653756e-14,-144.0830487,-504.5152947,278.9025503,504.2567557600138
AAKTSE2,1.2792743331736837e-14,-132.5395717,-557.1601253,342.34166672446776,416.0885189248135
AAKTSE2,1.3561597537819916e-14,-174.0872058,-632.5382891,354.5607831347835,534.4336154229453
AAKTSE2,1.4330451743902998e-14,-17.88372882,-724.0431197,278.85212176732136,659.3009341432999
AAKTSE2,1.5099305949986082e-14,44.43197038997703,-729.3635058,339.3756826220811,781.6060306414321
AAKTSE2,1.5868160156069162e-14,53.315447379743816,-698.8772252,189.80146569906398,446.64557158400885
AAKTSE2,1.663701436215224e-14,65.32447993,-538.9676113,100.79835988715773,83.15733474880865
AAKTSE2,3.195013853033342e-15,110.90129024816657,-468.5457752,-77.04807926,-108.4531243
AAKTSE2,3.963868059116423e-15,152.24476723793353,-260.6939391,-90.79340729,-248.7924723
AAKTSE2,4.7327222651995034e-15,-36.46842244,454.59234149208055,-129.3076242,-376.2140424
AAKTSE2,5.501576471282584e-15,-4.353834338,661.8930665030958,23.303714417308893,-418.8411681
AAKTSE2,6.270430677365665e-15,31.88853154056719,496.4637915141119,40.63283082762467,-483.9405161
AAKTSE2,7.039284883448746e-15,3.6886751970010447,346.67673874734976,187.7563916823845,-545.7743085
AAKTSE2,7.808139089531826e-15,69.50659663121272,580.6307970916992,210.44328587047832,-518.8636564
AAKTSE2,8.576993295614907e-15,147.09562917653483,719.8937443249366,224.8112911696831,-519.5385599
AAKTSE2,9.345847501697987e-15,161.40910616630168,808.711136,236.30929646888688,-508.6401301
AAKTSE2,1.0114701707781068e-14,198.25147204495735,630.8285276803015,204.06285732364768,-481.2605892
AAKTSE2,1.0883555913864147e-14,205.42050459027948,645.2481415802058,201.9841959561855,-496.5466038
AAKTSE2,1.1652410119947231e-14,249.8462038022694,818.8477554801102,215.40664569983423,-486.8226184
AAKTSE2,1.2421264326030312e-14,127.94634745870331,789.3184804911267,149.54020655459502,-495.5252997
AAKTSE2,-1.02E-15,82.59982444846919,572.0058721688082,165.3248785204658,-511.6546476
AAKTSE2,-2.52E-16,175.88774588268106,638.2677082909348,123.57510604189262,-505.97844
AAKTSE2,5.169722290775737e-16,294.5245562,721.5162110797279,59.400889118875405,-522.6811213
AAKTSE2,1.2858264351606544e-15,256.81692208443684,688.8502694240773,83.42556108,-573.3504692
AAKTSE2,2.054680641243735e-15,277.50039907420376,460.57432776842626,42.37578860617296,-569.1020394
AAKTSE2,2.8235348473268157e-15,232.13720939730362,584.0661639,-153.565095,-603.028054
AAKTSE2,3.5923890534098956e-15,209.4362419426265,875.9457777904576,-239.1010291,-718.8307353
AAKTSE2,4.361243259493002e-15,82.25083004350446,818.0309472459179,-96.44575105,-676.2689721
AAKTSE2,5.130097465576083e-15,56.884307033271284,901.0527833680443,14.756698691880157,-706.3983201
AAKTSE2,2.0109806386861167e-14,36.73556180081623,979.8368417123938,76.66692621330697,-700.8287791
AAKTSE2,2.0878660592944248e-14,-28.39318343,769.8686778345201,61.95715373473378,-700.6347937
AAKTSE2,2.1647514799027332e-14,-31.575262,827.7582917344247,54.38738125616055,-716.907475
AAKTSE2,8.205514289908406e-15,-37.2806739,894.0034611898847,102.45760877758734,-708.5201563
AAKTSE2,8.974368495991512e-15,9.661691982105761,706.3764084231224,105.61783629901413,-656.7361709
AAKTSE2,9.743222702074592e-15,-15.25149769,894.5238001008048,117.42806382044091,-691.0355189
AAKTSE2,1.0512076908157671e-14,12.256019699013788,1038.6895756168713,9.068291341867708,-710.2448668
AAKTSE2,1.1280931114240754e-14,-9.271210382,807.9974723450586,3.1485188632945125,-703.4042148
AAKTSE2,1.2049785320323834e-14,4.874488830062333,678.1681973560741,-1.051253615,-733.3924516
AAKTSE2,1.2818639526406917e-14,58.58352137538421,1030.9155890337565,-10.05102609,-695.9429106
AAKTSE2,1.3587493732489996e-14,71.31144281,869.9463140447718,232.32920142757487,-626.4122586
AAKTSE2,1.4356347938573076e-14,54.998253132696064,1068.2792612780092,239.2183178378897,-597.726051
AAKTSE2,1.5125202144656157e-14,-183.6216032,872.8566529556917,192.14965647042843,-637.2109545
AAKTSE2,1.5894056350739238e-14,-215.6481262,918.2129335222633,188.73321732518926,-597.5136358
AAKTSE2,1.6662910556822318e-14,9.230098243,1138.0485070181276,194.97011151328206,-649.9496504
AAKTSE2,1.7431764762905402e-14,-240.9633945,927.7266058,202.93033903470888,-710.9889983
AAKTSE2,3.989764253786501e-15,-233.3576953,995.3839974441989,148.52056655613563,-644.0883463
AAKTSE2,4.758618459869582e-15,-295.8531072,893.3358335663257,153.2096829664504,-505.785472
AAKTSE2,5.5274726659526625e-15,-351.4087211,862.1359525167351,180.01102159898923,-551.5970422
AAKTSE2,6.296326872035743e-15,-275.8561532,974.2028391439128,181.2212491,-586.4130568
AAKTSE2,7.065181078118824e-15,-306.7471206,936.3824530438171,197.41147664184277,-599.5201825
AAKTSE2,7.834035284201905e-15,-240.9991992,928.1098447214994,192.9783708299356,-622.7473082
AAKTSE2,8.602889490284985e-15,-262.5923889,777.2905697325151,204.77193168469634,-622.8244339
AAKTSE2,9.371743696368066e-15,-140.710023,992.0724058546417,213.71660365056718,-641.5937819
AAKTSE2,1.0140597902451148e-14,-312.8287682,753.3953530878797,187.91238672754994,-651.6131298
AAKTSE2,1.0909452108534227e-14,-267.6452912,838.7338558766733,90.49261424897674,-692.0624778
AAKTSE2,1.1678306314617308e-14,-205.4484809,876.5390253321335,-18.35715823,-731.3218257
AAKTSE2,1.2447160520700387e-14,-307.4316706,632.5508614542599,-33.2158196,-693.274507
AAKTSE2,1.3216014726783471e-14,-327.6637492,503.28603090972047,-80.61003652,-727.1227438
AAKTSE2,-2.26E-16,-297.8513833,505.66786703184675,-82.16092011,-801.2787585
AAKTSE2,5.428684237476521e-16,-283.1334618,499.4597031539736,-310.4484704,-941.893662
AAKTSE2,1.3117226298307328e-15,-278.6033182,600.5048726094335,-351.3726873,-1032.705232
AAKTSE2,2.080576835913814e-15,-186.2853967,621.5944865093379,-460.3257931,-1099.347913
AAKTSE2,2.8494310419968937e-15,-129.8685864,952.4829892981314,-473.09001,-1094.490595
AAKTSE2,3.618285248079975e-15,-206.6839983,967.9603809758139,-481.2408936,-1041.698832
AAKTSE2,4.3871394541630555e-15,-305.8605213,1079.2399948757184,-446.759555,-1035.805957
AAKTSE2,5.155993660246136e-15,-447.4543171,895.1082956443097,-425.234883,-986.2253052
AAKTSE2,5.924847866329217e-15,-490.9124562,819.7925560088611,-214.8635444,-791.9046531
AAKTSE2,6.6937020724122975e-15,-255.3200904,753.0277254643205,204.84446091641402,-811.8217789
AAKTSE2,7.462556278495378e-15,-122.5788356,447.85845047533695,261.97579954895184,-741.9655713
AAKTSE2,8.231410484578459e-15,-151.7353586,393.3936199307963,127.66158262593463,-559.6849192
AAKTSE2,9.000264690661541e-15,-271.6596594,784.0999004973677,78.74292125847141,-502.0409338
AAKTSE2,-4.44E-15,-131.7961824,902.7872921750502,-55.86351789,-241.2291707
AAKTSE2,-3.67E-15,-117.0427054,1076.4169060749546,138.07559852354797,-139.1762964
AAKTSE2,-2.90E-15,-32.93145065,935.5231866415259,-34.86306284,-461.6600888
AAKTSE2,-2.14E-15,-73.29797366,630.4916894303194,-43.36283532,-789.4094367
AAKTSE2,1.2844535721076968e-14,-106.5467189,186.6990811080018,-94.60816336,-268.2998958
AAKTSE2,1.3613389927160047e-14,-37.55990857,-98.1224161,83.20539749814375,125.83408961806595
AAKTSE2,1.4382244133243133e-14,-152.0036033,-132.8612871,83.83006946401497,-3.496369439
AAKTSE2,1.515109833932621e-14,-187.107399,-131.4809661,66.60585254099776,-170.1123841
AAKTSE2,1.591995254540929e-14,-211.8472554,-139.1946855,198.81830228464653,-66.45264109
AAKTSE2,1.668880675149237e-14,-223.0893339,-137.6350716,258.91408536162936,70.78336449948414
AAKTSE2,1.7457660957575452e-14,-221.0314125,-209.2465688,222.6598684386112,383.25179433094996
AAKTSE2,1.8226515163658533e-14,-199.9734911,-211.3836216,76.96787373781595,735.1513352735268
AAKTSE2,1.8995369369741617e-14,-105.0533474,-211.3151188,-116.0674543,550.2308762161026
AAKTSE2,5.553368860622716e-15,609.9645740157732,-164.7410605,-56.03278233,398.42375049201314
AAKTSE2,6.3222230667057956e-15,856.5880510055392,-239.715891,65.40522297,519.6499581012564
AAKTSE2,7.091077272788877e-15,839.0559724,-532.6040549,91.19989493,282.9783879
AAKTSE2,7.859931478871958e-15,916.9861160961848,-681.2255521,75.40234467828309,264.32348443085414
AAKTSE2,8.628785684955038e-15,669.3095930859517,-739.6092715,75.62590553304268,594.1019142623197
AAKTSE2,9.397639891038119e-15,375.2186256312737,-561.9974354,14.267244165581545,684.8258996493415
AAKTSE2,1.01664940971212e-14,123.3394763584146,-357.4457003,35.73080502034121,575.8709961474733
AAKTSE2,1.093534830320428e-14,-127.8866426,-240.4093187,114.82436587510104,735.1549815344941
AAKTSE2,1.170420250928736e-14,-208.7276101,-246.5630381,187.73348228541684,798.4667447
AAKTSE2,1.2473056715370442e-14,-45.60746641,-455.9478687,311.63815425128865,666.8696189752036
AAKTSE2,1.3241910921453522e-14,450.9737883578862,-449.6093659,266.9683817727154,326.77027102889156
AAKTSE2,1.4010765127536603e-14,239.80059868098604,-360.8275298,116.37860929414222,119.7798119714684
AAKTSE2,5.687646184177053e-16,-116.242591,-347.1712492,-51.90782985,346.7593529140442
AAKTSE2,1.337618824500786e-15,-215.7157807,-375.3349686,-204.3076023,614.6477827
AAKTSE2,2.106473030583867e-15,-222.7023037,-410.3909103,-90.29737481,448.4262125769759
AAKTSE2,2.8753272366669473e-15,-16.32771558,-371.076852,-54.18936951,472.63242018621963
AAKTSE2,3.644181442750041e-15,199.2513169631545,-142.2250158,145.3597469012762,642.2286277954626
AAKTSE2,4.413035648833121e-15,228.67812728625438,-291.0954019,206.2744189,712.6859465158163
AAKTSE2,5.181889854916202e-15,288.9027153871323,-426.7946769,179.81353527746273,722.3488207917272
AAKTSE2,5.950744060999283e-15,292.7617479324552,-457.1117297,224.56154057666765,678.7261395
AAKTSE2,6.7195982670823625e-15,278.8685582555551,-510.8610047,225.74399032031636,667.2801248991028
AAKTSE2,7.488452473165444e-15,266.40203524532194,-569.1025019,186.50421784174313,645.7252213972349
AAKTSE2,8.257306679248525e-15,263.4566233461999,-558.5273324,247.24555647428093,686.3258734509225
AAKTSE2,9.026160885331604e-15,255.5401003359667,-348.6143852,109.68467288459674,494.9920810601662
AAKTSE2,9.795015091414686e-15,495.70024399240066,-121.6636602,70.06045596157905,339.23273311385367
AAKTSE2,-3.65E-15,698.3903876488334,-187.5840463,102.7195723718943,141.77338516754185
AAKTSE2,-2.88E-15,834.1905313052674,-215.229988,236.7564665599881,439.4107038878961
AAKTSE2,-2.11E-15,833.6351194061453,-232.8381518,319.2855829703039,713.7146892749174
AAKTSE2,-1.34E-15,746.0399095272253,-285.3068208,290.6002549361746,615.9720079952723
AAKTSE2,-5.72E-16,313.1398512,-384.0400351,352.01492690204645,546.2904378267381
AAKTSE2,1.9728561271119155e-16,89.87666148655727,-390.1059768,244.4962655345842,462.69664543598094
AAKTSE2,9.661398187942722e-16,150.54680514299088,-405.317474,324.20093750045504,635.0328530452247
AAKTSE2,1.734994024877353e-15,164.9413932438688,-454.9845268,145.7489427996598,483.2090606544679
AAKTSE2,2.5038482309604336e-15,148.34375912252466,-503.2104684,-12.4830519,407.3486015970444
AAKTSE2,3.2727024370435147e-15,127.20390277895855,-527.1419656,-77.7450466,281.0159203173992
AAKTSE2,1.8252411358328602e-14,141.71071310205846,-548.214574,-224.7503746,167.15212792664227
AAKTSE2,4.810410849209688e-15,167.41419009182533,-547.2105156,-126.8223693,-23.74944224
AAKTSE2,5.579265055292769e-15,238.32766708159224,-500.1164573,-34.93214182,-256.8299013
AAKTSE2,6.3481192613758496e-15,203.33336629358112,-193.1379545,171.6703079282206,-353.0048048
AAKTSE2,7.11697346745893e-15,168.1223988,-73.77278503,300.76386878298143,-299.8252639
AAKTSE2,7.885827673542011e-15,87.44254249533688,-45.67761557,231.31854074885217,-419.276834
AAKTSE2,1.5492545220241026e-15,26.397130596215778,-26.48911279,189.68321271472297,-487.3228486
AAKTSE2,2.318108728107183e-15,-2.79494797,20.46605666979889,226.02899579170574,-426.0255299
AAKTSE2,3.0869629341902637e-15,-50.5236932,-14.05988499,239.07255664646556,-498.6882112
AAKTSE2,3.8558171402733436e-15,19.040894898849412,-194.0458266,253.46126901637732,-312.2396804
AAKTSE2,4.624671346356425e-15,65.89326077750538,-226.9673239,143.5696783559862,207.0130929079652
AAKTSE2,5.393525552439506e-15,132.53562665616124,-220.4143766,220.03657254407992,409.013745
AAKTSE2,1.3267807116123588e-14,142.85243697926114,-215.9314294,147.90902228772873,187.48884145978496
AAKTSE2,6.9312339646056805e-15,106.2792473023613,-238.0229266,175.5425831424885,259.36949351347266
AAKTSE2,7.70008817068876e-15,32.70383540323979,-235.7199794,182.85058844169336,192.60903445604947
AAKTSE2,8.468942376771841e-15,36.48286794856181,-273.735921,83.47081596312009,144.76413095418164
AAKTSE2,9.237796582854922e-15,224.1319004938847,-289.835196,-168.223401,343.3247830078691
AAKTSE2,1.0006650788938017e-14,313.86759970587354,-298.0511377,-245.398729,501.63099061711284
AAKTSE2,1.0775504995021096e-14,303.61552114008447,-333.8581904,-279.0618348,232.64830933746703
AAKTSE2,4.4389318435031745e-15,196.76677590762932,-334.1719099,-395.5038295,210.00229472448854
AAKTSE2,5.207786049586268e-15,138.73025289739627,-319.8989626,-462.3469353,272.48628011150936
AAKTSE2,5.976640255669349e-15,165.38372988716313,-340.7149043,-367.2855967,513.0802654985312
AAKTSE2,6.745494461752429e-15,125.28720687693004,-329.8786237,-155.4264803,603.5298064
AAKTSE2,7.514348667835511e-15,93.63795659396966,-341.7833533,101.39263613453443,668.8449029392399
AAKTSE2,8.28320287391859e-15,10.383049745352956,-300.7060626,104.73286365596118,649.5555549929277
AAKTSE2,1.946629722400682e-15,11.69581966441251,-285.0408931,147.11198006627703,615.3317626021715
AAKTSE2,2.7154839284837626e-15,26.791114835997607,-332.0823903,306.4244298099258,608.2968591003032
AAKTSE2,3.4843381345668433e-15,8.855702936876101,-345.0805542,261.49354622024157,379.80751115399113
AAKTSE2,4.253192340649924e-15,14.174735482198475,-361.2564959,236.37821818611238,217.7014965410119
AAKTSE2,5.0220465467330046e-15,-16.77845419,-390.2857709,250.24622348531722,187.38325970581073
AAKTSE2,5.790900752816085e-15,-7.434977205,-405.3683792,275.7475621,413.87946731505497
AAKTSE2,6.559754958899166e-15,-22.64483355,-407.6898764,369.4944563059488,584.6301193687423
AAKTSE2,2.2318180738125743e-16,40.803087885709935,-469.9013736,412.0601383728306,608.8587512204101
AAKTSE2,9.92036013464338e-16,14.283231542143824,-554.4517597,220.93713357102433,419.6458679
AAKTSE2,8.86631757714842e-15,-6.471069246,-650.2665903,146.38402775911817,313.40318664091683
AAKTSE2,9.6351717832315e-15,-5.829814478,-682.8458652,90.27536639165591,387.28909121985765
AAKTSE2,1.0404025989314582e-14,9.265884733666532,-704.1973625,86.75003835752715,547.6722685260704
AAKTSE2,1.1172880195397664e-14,92.29713950121143,-695.0466374,122.0680436567315,511.5684761353138
AAKTSE2,4.836307043879754e-15,96.69394982431132,-655.4370235,163.75604895593634,516.3646837
AAKTSE2,5.605161249962835e-15,113.35631570296722,-620.9218541,56.937387588474095,295.0320024649116
AAKTSE2,6.3740154560459146e-15,114.33534824829009,-597.4133513,-62.753496,264.46598785193277
AAKTSE2,7.142869662128996e-15,103.42882523805702,-604.7259596,-67.40185434,301.2921954611765
AAKTSE2,7.911723868212077e-15,114.77785778337858,-601.5385679,-133.503041,310.3239586259753
AAKTSE2,8.680578074295157e-15,112.99466810647976,-626.9311763,-28.66614677,646.6201662352182
AAKTSE2,9.449432280378238e-15,121.48370065180166,-643.7793401,-102.8825859,538.3785960666839
AAKTSE2,3.11285912886033e-15,150.86828875267958,-639.0008374,-242.4979139,515.8959147870388
AAKTSE2,3.88171333494341e-15,145.27509907577942,-650.7723346,-285.2021309,730.1021223962817
AAKTSE2,4.650567541026491e-15,158.66524273221333,-685.4127207,-15.99968113,922.5061077833034
AAKTSE2,5.4194217471095715e-15,140.59760861086923,-663.165329,287.69105144293127,850.7448406450712
AAKTSE2,6.188275953192652e-15,163.4588633784141,-613.1934929,326.65521835829793,795.1285230017901
AAKTSE2,6.957130159275733e-15,178.39456259040298,-634.8183234,294.10100143527984,749.7613972776998
AAKTSE2,6.205570077578243e-16,186.31248402461492,-653.9753762,-2.350993266,447.31316044249877
AAKTSE2,1.389411213840905e-15,378.5715165699367,-700.8713178,-66.9963213,364.7760347184086
AAKTSE2,2.1582654199239857e-15,499.25166022637063,-707.1283706,106.66946177733817,723.9777978832074
AAKTSE2,2.9271196260070663e-15,225.82958166058154,-557.8298678,279.8396893,686.8751166035622
AAKTSE2,3.695973832090153e-15,96.60639198368146,-450.4024761,279.5710279313028,567.549102
AAKTSE2,1.1570255395774236e-14,14.59542452900433,-467.8339733,207.51014434161857,645.1264207109377
AAKTSE2,5.233682244256327e-15,-33.0733207,-510.9110261,1.072594085267335,453.9115172090702
AAKTSE2,6.002536450339408e-15,334.5123785085382,-568.7903011,-35.94606728,286.0432803738694
AAKTSE2,6.771390656422489e-15,438.32696660941605,-577.8795761,-12.78917309,290.6383768720013
AAKTSE2,7.540244862505571e-15,146.0293324880719,-455.2955177,-41.51894557,630.3723622590221
AAKTSE2,8.30909906858865e-15,32.51280947783877,-433.7447927,-43.63538472,390.8852365349325
AAKTSE2,9.07795327467173e-15,-24.70926909,-435.8451788,-131.492935,247.87144414417577
AAKTSE2,9.846807480754811e-15,26.579763457372593,-376.8677872,-166.4060408,301.79876286453054
AAKTSE2,3.5102343292369028e-15,295.97324044713946,-369.8937288,-113.1380355,5.632748251551334
AAKTSE2,4.2790885353199834e-15,248.32116188135038,77.99255175314991,104.05774759001568,-496.5088219
AAKTSE2,5.047942741403064e-15,44.690194426673244,259.98772120861025,143.26353066699753,-574.7170588
AAKTSE2,5.816796947486145e-15,32.07811586088417,662.1028906640707,148.3848692995353,-606.81974
AAKTSE2,6.5856511535692254e-15,-140.9228516,704.6125045639749,222.22398570985106,-590.2713102
AAKTSE2,3.8017916808518115e-15,-380.7493746,519.2532295749905,195.29087989794465,-604.1262137
AAKTSE2,4.570645886934892e-15,-335.1358976,348.4672879193399,180.66777408603764,-712.3022283
AAKTSE2,5.339500093017973e-15,-278.9501984,394.5913462636889,160.75022382968746,-840.9771318
AAKTSE2,2.555640620300559e-15,-77.88116586,553.7454046080378,151.99378468444723,-1000.920924
AAKTSE2,6.877208505184147e-15,67.70342224393053,529.8561296190531,165.3984567,-1050.916939
AAKTSE2,7.646062711267227e-15,100.54639418319239,589.5164505896647,174.83646194952286,-1058.29962
AAKTSE2,4.8622032385498135e-15,70.15593178,740.6753574188621,167.61557835983862,-1057.260079
AAKTSE2,5.631057444632894e-15,99.00163099,806.8505268743224,200.7002503257104,-1047.383872
AAKTSE2,6.399911650715975e-15,73.74844131410907,793.8334741075598,188.33270006935922,-1067.232108
AAKTSE2,3.616052177998561e-15,-46.16474836,613.8841991185753,175.7742407,-1054.369234
AAKTSE2,4.384906384081642e-15,-131.2546047,423.7182574629247,176.94648844554575,-1014.275249
AAKTSE2,5.153760590164722e-15,-129.8200166,404.1845380294951,155.3356048558616,-1040.05793
AAKTSE2,2.3699011174473083e-15,-46.13765073,744.2252630405115,177.18916571062135,-1053.980611
AAKTSE2,3.138755323530389e-15,-30.30417374,780.3237658293049,193.5560598987152,-1006.356626
AAKTSE2,3.9076095296134705e-15,-77.37958564,667.4011575069875,198.97295408680898,-932.6481961
AAKTSE2,4.67646373569655e-15,-67.36277531,747.9663269624477,193.76984827490276,-918.927544
AAKTSE2,5.4453179417796366e-15,72.03959056557719,790.4770519734632,196.09896468521754,-934.3846697
AAKTSE2,6.214172147862718e-15,149.57973422201113,806.8777769844786,175.22808109553333,-969.9240177
AAKTSE2,6.983026353945799e-15,198.86987787844498,543.0207242177164,103.5971975058491,-1057.513366
AAKTSE2,4.199166881228385e-15,175.9466882015449,603.8203381176214,77.85409169394289,-1065.572714
AAKTSE2,4.9680210873114654e-15,174.53016519131177,765.0832853508588,76.95765255,-1054.562062
AAKTSE2,5.736875293394546e-15,163.80919773663467,472.5073436952072,83.80788007012947,-1083.139187
AAKTSE2,2.9530158206771317e-15,124.18711917084559,685.8280687062237,93.44810759,-1035.697424
AAKTSE2,3.721870026760216e-15,19.093929493945453,776.6043492727952,92.29944622,-1089.915661
AAKTSE2,4.490724232843297e-15,-80.46926018,690.2006298393655,88.07856263440988,-1162.999453
AAKTSE2,1.7068647601258829e-15,-131.9891165,894.5602437392708,85.95101237805888,-1190.08769
AAKTSE2,2.4757189662089634e-15,-133.6889729,871.4243020836193,111.04901767726346,-1206.548149
AAKTSE2,6.797286851092545e-15,-73.56882921,822.4539159835235,134.57924519869027,-1203.424997
AAKTSE2,4.013427378375128e-15,-90.28201889,940.3813077,147.70947272011705,-1246.966845
AAKTSE2,3.0059247450579612e-15,-93.2885419,959.8898104499996,142.44303357487684,-1206.497304
AAKTSE2,5.5511357905412916e-15,208.89382397786966,982.8438687943479,122.84659442963765,-1155.735541
AAKTSE2,4.543633157224126e-15,225.56285652319156,746.6368160275864,148.07237750661943,-839.0093334
AAKTSE2,3.5361305239069626e-15,192.71855573518144,551.6742077052687,37.83593836138022,-691.4231258
AAKTSE2,4.304984729990043e-15,100.06314383605917,402.0293771607288,-31.22938967,-103.2035848
AAKTSE2,3.2974820966728767e-15,63.13995415915926,128.27454661618881,25.140837848677805,534.6881783453764
AAKTSE2,5.8426931421562074e-15,100.61454226003714,-83.24917282,204.8655098145486,462.46216373239787
AAKTSE2,4.835190508839041e-15,102.76579702758204,-216.1251145,211.1812928915314,551.5483713416409
AAKTSE2,3.827687875521874e-15,108.96927401734891,-233.0421672,242.4248537462912,493.5912456175507
AAKTSE2,4.596542081604955e-15,89.45275100711582,-272.4614422,218.59508126771797,624.8030087823496
AAKTSE2,3.589039448287788e-15,-45.66266089,-244.0296061,15.844197678033726,233.8703275027043
AAKTSE2,2.5815368149706216e-15,-162.750295,-266.6666589,12.124425199460518,452.43986844528104
AAKTSE2,5.126747860453953e-15,-296.8157069,-287.2648228,63.226874943109294,544.7916316100795
AAKTSE2,4.119245227136788e-15,-197.2960683,-250.4623806,173.13265802009215,263.56228366376774
AAKTSE2,4.8880994332198675e-15,-178.9976418,-262.135595,220.76844109707494,221.9573801618996
AAKTSE2,3.880596799902702e-15,-289.7363871,-272.9926477,274.52755750738976,523.6235877711434
AAKTSE2,4.6494510059857855e-15,-214.9840212,-138.2364682,272.9733405843725,379.2342398248312
AAKTSE2,3.641948372668619e-15,204.89723359191757,-21.64564214,218.68356810579934,124.37489187851901
AAKTSE2,3.522624159051576e-15,280.67182169279585,-92.15491713,208.2304622938931,37.19665504331793
AAKTSE2,4.291478365134658e-15,65.54529868256274,-119.3486366,231.45129587592592,51.963266692965654
AAKTSE2,4.172154151517615e-15,16.617664561218607,-88.762356,183.46758400341267,228.32462581736056
AAKTSE2,3.1646515182004485e-15,83.57447488431852,-157.8127421,150.42892263595047,275.4497223154923
AAKTSE2,3.9335057242835316e-15,83.65795187,-293.9831282,79.28470571293322,406.7381521469581
AAKTSE2,3.8141815106664886e-15,13.386984419408318,-312.5079587,41.612711012138135,505.57435975620126
AAKTSE2,3.694857297049447e-15,-105.7641851,-330.7761226,33.11122136,693.7756178704957
AAKTSE2,4.019622293282467e-15,-227.2616172,-303.0820643,160.1309438327695,845.7978860857985
AAKTSE2,3.4562088698153628e-15,-295.8381402,-287.1668948,30.52672691,702.2029825839314
AAKTSE2,3.558929261123352e-15,-141.3157743,-147.1572809,-128.5541567,344.7114124153972
AAKTSE2,3.66164965243134e-15,-37.61118619,-241.7732226,-54.29170694,188.26873113575203
AAKTSE2,3.653347741276814e-15,115.70673524689855,-302.2480531,47.36629836292078,219.89271652277284
AAKTSE2,3.589534678891029e-15,265.21576779222056,-290.6651059,157.25430366212456,241.62003524312763
AAKTSE2,3.608988343352132e-15,110.17146700420955,-97.05993643,232.71897562799643,500.5740206301485
AAKTSE2,3.628442007813234e-15,5.682721771754302,-88.33921142,228.77698092720118,719.2535615727256
AAKTSE2,3.509117794196192e-15,28.547309872632386,-141.7073753,137.01720844862794,746.2453247375241
AAKTSE2,3.3897935805791493e-15,29.799675751288074,-159.3610947,-6.809230697,819.4215323467679
AAKTSE2,3.714558576812169e-15,12.443152741054991,-104.4725919,-129.4623365,785.9955177337883
AAKTSE2,3.595234363195127e-15,-29.56781471,-209.1652003,-175.7676645,649.9506142319213
AAKTSE2,3.475910149578085e-15,-51.15544883,-394.9200308,-65.59188147,799.2479329522755
AAKTSE2,3.3565859359610427e-15,-91.05641629,-487.8570836,-45.20498728,565.8563627837412
AAKTSE2,3.681350932194063e-15,-96.0629393,-631.7485808,-5.251426423,741.3692371
AAKTSE2,3.56202671857702e-15,-63.87501787,-661.7856336,-70.7211989,611.7298891133389
AAKTSE2,3.4427025049599788e-15,80.39179245743414,-665.0726863,-128.1920825,272.78943005591555
AAKTSE2,3.323378291342936e-15,139.40526944720125,-677.7330724,-130.1696327,258.0867487762698
AAKTSE2,3.204054077725893e-15,179.14652421474614,-676.8523474,-146.7305163,104.39184527440231
AAKTSE2,3.972908283808977e-15,231.92333453784602,-544.6438446,-146.4558444,88.95360844
AAKTSE2,2.9654056504918104e-15,108.22792263872391,-474.1075641,-159.0200613,57.78314938177794
AAKTSE2,2.846081436874767e-15,-118.8074893,-438.0746168,-243.0265004,28.511579213243564
AAKTSE2,3.614935642957849e-15,-78.60401227,-439.226114,-253.3907174,275.04445348915357
AAKTSE2,2.6074330096406826e-15,-108.4816464,-427.5420557,-215.7460454,527.7651055428414
AAKTSE2,3.376287215723765e-15,-156.5692805,-421.2568862,91.15640434701243,674.0479798187514
AAKTSE2,2.3687845824065986e-15,-158.1524702,-454.7417168,193.55552075732746,810.4252985391062
AAKTSE2,3.137638788489682e-15,-173.1334376,-467.8221029,294.0846371676432,750.7337283705718
AAKTSE2,3.906492994572763e-15,-192.0588495,-473.9391556,368.0637536,954.8221582020367
AAKTSE2,2.898990361255596e-15,-180.2042614,-431.3973195,320.2462033216078,682.4750324779475
AAKTSE2,3.667844567338677e-15,-143.5385622,-397.211039,262.6964308430346,442.6279067538573
AAKTSE2,2.66034193402151e-15,-141.6161964,-386.5847584,211.62332503112836,216.79522547421212
AAKTSE2,1.6528393007043437e-15,-96.98383047,-382.5640334,146.0715323505352,97.07577651779846
AAKTSE2,4.198050346187678e-15,4.337424293704572,226.62335830011307,88.98378007398196,-343.8268038
AAKTSE2,3.1905477128705108e-15,66.84534572791549,597.7585277555731,177.72289648429816,-669.749485
AAKTSE2,2.1830450795533445e-15,18.305489384349407,533.9725860999222,219.49312400572455,-486.1377219
AAKTSE2,2.9518992856364252e-15,-19.50992251,-68.74002222,237.28224041604037,494.0140412982062
AAKTSE2,1.9443966523192586e-15,-137.5697789,-442.097075,195.44357904857813,675.8035822
AAKTSE2,4.4896076978025905e-15,-263.8529685,-374.6230166,112.76936212556093,84.11090096113784
AAKTSE2,3.482105064485423e-15,-174.3150471,193.9221528106506,165.26847853587574,-422.4706692
AAKTSE2,6.98245591768006e-16,-108.1360146,342.88732226611137,171.88648383508047,-550.7111283
AAKTSE2,5.0198134766515876e-15,-110.826982,293.65471394379347,58.23448913,-613.6938095
AAKTSE2,5.788667682734668e-15,-102.1857272,391.13321673258724,61.39916110015713,-713.1131575
AAKTSE2,3.0048082100172547e-15,-96.80558359,605.6194972991582,97.14049973269448,-744.4225054
AAKTSE2,3.773662416100338e-15,-64.1121066,761.5980000879517,78.28072725412171,-743.0896312
AAKTSE2,4.542516622183419e-15,-81.09529627,614.3231695434117,98.38206588665946,-733.5067569
AAKTSE2,1.7586571494660049e-15,-82.88181928,370.2216723322055,206.4445156303083,-614.6749937
AAKTSE2,2.5275113555490855e-15,-80.53945341,374.2712862321099,226.01363204062406,-478.447675
AAKTSE2,3.2963655616321666e-15,-60.25375419,703.8264556875694,124.9060817842729,-606.1759118
AAKTSE2,5.125060889147524e-16,-35.9102772,741.7927362541408,126.09630930569963,-510.4885931
AAKTSE2,1.281360294997833e-15,-11.98124466,833.1890168207123,156.32764793823742,-496.86683
AAKTSE2,2.0502145010809136e-15,-69.95332322,662.4130751650612,125.92666333845222,-527.5351678
AAKTSE2,2.819068707164001e-15,-36.07540179,503.27380017607675,107.02032520331302,-531.746637
AAKTSE2,3.587922913247081e-15,-15.55970258,753.7334140759814,85.73277494696282,-557.9659849
AAKTSE2,4.356777119330162e-15,-66.0373367,783.7530279758857,73.14522469,-535.8586662
AAKTSE2,1.572917646612748e-15,-71.46719304,574.5670863202349,26.263229989816402,-497.7424586
AAKTSE2,2.341771852695829e-15,-76.44038272,608.3500335534726,21.987901955687175,-496.5273621
AAKTSE2,3.1106260587789093e-15,-20.17246129,678.7785363422657,33.624796143780934,-545.6433767
AAKTSE2,3.87948026486199e-15,-140.1012065,635.8992613532814,101.17502366520779,-610.5527246
AAKTSE2,1.095620792144576e-15,-79.77995175,722.236653,105.60858451996756,-570.5854059
AAKTSE2,1.8644749982276567e-15,-88.21314143,513.2140447086463,112.84881204139435,-521.6936427
AAKTSE2,2.6333292043107437e-15,-8.937442215,643.6281030529954,97.19903956282117,-506.6107685
AAKTSE2,-1.51E-16,-17.61952078,655.4710502862331,109.82148930646994,-555.0123386
AAKTSE2,6.183239376764104e-16,6.425067320044388,709.1862197416929,100.60949460567471,-636.6505755
AAKTSE2,4.939891822559992e-15,52.20743319870028,701.7980559,73.52972212710154,-635.4988123
AAKTSE2,2.156032349842578e-15,112.27424352180013,670.7410031,35.72439409297304,-611.365938
AAKTSE2,2.9248865559256588e-15,46.84327606712314,624.7939503302958,263.15351050328843,-572.595286
AAKTSE2,3.6937407620087394e-15,91.44675305688992,497.95134200797816,299.5570713580489,-339.6468561
AAKTSE2,9.098812892913257e-16,-35.91532551,309.06651146343756,152.3284099905865,-85.07509298
AAKTSE2,1.6787354953744062e-15,-0.895181852,455.6805698077871,178.31197084534645,-67.32666315
AAKTSE2,2.447589701457487e-15,-24.30059375,1020.4490725965805,138.5688650334401,-425.5626778
AAKTSE2,3.216443907540574e-15,116.40954990484651,1013.0931309409297,89.70464811,-601.5131368
AAKTSE2,3.9852981136236545e-15,182.8663602279464,1011.3338559519453,106.00154229851586,-644.3335959
AAKTSE2,4.754152319706735e-15,185.57317055104625,923.2456920740717,87.96176981994265,-685.1229438
AAKTSE2,5.523006525789816e-15,176.13220309636918,949.3553059739766,84.90533067470244,-625.3922918
AAKTSE2,6.291860731872897e-15,185.99568008613605,950.8915865405475,112.79222486279625,-551.3427508
AAKTSE2,-4.47E-17,173.07804596479195,776.4156449,142.70972511149606,-440.1073513
AAKTSE2,7.241417864380686e-16,62.43485628789184,431.6585921181343,202.24712435009383,-364.9492245
AAKTSE2,1.4929959925211493e-15,73.35722216654771,41.34376157359449,60.35189732606598,397.49162957329656
AAKTSE2,2.2618501986042304e-15,23.199588045203658,-79.7944023,40.66313494850338,475.45096849567136
AAKTSE2,3.0307044046873106e-15,-11.56360163,-0.234788404,109.08669580326311,634.0549538826932
AAKTSE2,3.799558610770398e-15,-120.3512358,-98.1951745,81.75358999135702,634.6922726030471
AAKTSE2,4.568412816853478e-15,-101.5122032,-253.6488939,-0.063960265,585.1340357678458
AAKTSE2,-1.77E-15,14.289051559826984,-260.6226134,63.90626725643256,462.5269100437563
AAKTSE2,-9.99E-16,97.92697299403808,-257.1863328,126.95427255563732,574.0842287641105
AAKTSE2,-2.30E-16,85.42933887269396,-277.65783,148.04894452150901,495.6859919289093
AAKTSE2,5.384022835848119e-16,95.48726030690489,-339.4704383,194.35139426515792,635.5888662
AAKTSE2,1.3072564896678924e-15,103.67962618556074,-424.1430467,309.85707633203975,649.9061849
AAKTSE2,2.076110695750973e-15,59.914214286438636,-354.5134328,151.05296041912257,319.32794808997176
AAKTSE2,-4.26E-15,63.72102461,-350.6038189,289.0954101627714,510.24748903254954
AAKTSE2,-3.49E-15,46.50450159930543,-441.8164272,297.2945265730871,578.8581410862374
AAKTSE2,-2.72E-15,47.67908970018429,-438.5245911,139.66364298340287,425.0132375843696
AAKTSE2,5.151527520083309e-15,33.88701113439521,-395.5905327,-84.49724061,663.8594452
AAKTSE2,5.920381726166389e-15,14.04048812416207,-354.3586966,-194.1470131,307.50676391396746
AAKTSE2,6.6892359322494705e-15,5.041742892,-297.4090827,-208.0434522,164.4707493009886
AAKTSE2,3.526627807315612e-16,-17.84478012,-255.2883577,-141.2410025,266.5436235768984
AAKTSE2,1.121516986814642e-15,-27.9279698,-252.8387438,27.787002812758892,726.4998311861423
AAKTSE2,1.8903711928977225e-15,-28.57671503,-261.1613521,49.96389700085269,766.4327054620521
AAKTSE2,2.6592253989808032e-15,-16.14879359,-289.1861827,-107.7525421,387.61335751573984
AAKTSE2,3.428079605063884e-15,-9.060872159,-319.1876799,1.6054631548172296,406.4628984583169
AAKTSE2,4.196933811146965e-15,-78.28739517,-262.1958437,79.60791289846605,527.6346616231156
AAKTSE2,4.965788017230045e-15,-95.16391818,-263.0862298,-11.12074847,272.3886470101363
AAKTSE2,-1.37E-15,-213.0204412,-315.2877271,244.50281238576355,615.7726323971582
AAKTSE2,-6.02E-16,-278.5869642,-371.9147798,286.6585954627464,661.3999511175119
AAKTSE2,1.6692327787829799e-16,-98.48904277,-360.5707215,161.2421563175062,440.1750476156446
AAKTSE2,9.357774839613789e-16,32.18443422358681,-366.9233298,135.54016161671098,374.1579218915546
AAKTSE2,1.7046316900444596e-15,131.6534667689097,-471.3626048,245.31705580480482,662.4696850563535
AAKTSE2,2.47348589612754e-15,66.05805486978761,-512.0852131,160.8440510029991,647.6481148878192
AAKTSE2,-3.86E-15,19.63042074844348,-463.1578214,47.23862196,390.6065447192848
AAKTSE2,-3.09E-15,-76.90610226,-472.712652,-37.81003941,190.96053010630584
AAKTSE2,-2.33E-15,-383.150403,-455.2874825,-46.48425633,215.69007104888271
AAKTSE2,-1.56E-15,-220.6891483,-439.7323131,132.17041563416072,358.28001603186254
AAKTSE2,-7.88E-16,-103.3745602,-457.9549214,254.8084209333656,561.2391529340365
AAKTSE2,-1.88E-17,-173.5777499,-451.2653075,274.7564262325704,579.7031383210573
AAKTSE2,7.85546533870913e-15,-206.2464951,-451.5879158,150.96665375399712,438.1993459303006
AAKTSE2,1.5188921871912088e-15,-201.4052403,-457.7060797,226.9413257198679,531.9422202062108
AAKTSE2,2.28774639327429e-15,-168.1217633,-484.2397991,285.3871087968503,534.8050944821207
AAKTSE2,3.0566005993573828e-15,-76.24828634,-493.0612963,269.31733631827655,536.0124132024752
AAKTSE2,3.8254548054404634e-15,-70.11480935,-493.4627935,311.2020082841483,239.25639858949626
AAKTSE2,4.594309011523544e-15,-29.44133236,-497.5942908,374.3522358055751,608.1970506431842
AAKTSE2,5.363163217606625e-15,17.142144625646154,-532.705788,216.95246332700188,614.3199249190941
AAKTSE2,-9.73E-16,58.780066059857475,-579.9972852,95.26491307065064,700.1005769727819
AAKTSE2,-2.05E-16,-0.635345839,-602.3632268,173.2729183698554,802.1790068042476
AAKTSE2,5.642984782548777e-16,-42.06409107,-607.4502796,62.23203478017125,680.1296588579354
AAKTSE2,1.3331526843379582e-15,-86.63394742,-635.5017768,210.15448452382003,717.3691998005122
AAKTSE2,2.102006890421039e-15,-177.896026,-696.4999407,134.67915648969097,536.9009629653115
AAKTSE2,2.8708610965041196e-15,-167.2169934,-754.5547712,169.50160623334065,621.3316150189988
AAKTSE2,-3.47E-15,-208.4735164,-785.7562684,142.9285004214334,559.6578226282421
AAKTSE2,-2.70E-15,-168.9811506,-806.451099,59.40428349841615,394.30291912637443
AAKTSE2,-1.93E-15,-152.8076736,-834.750374,248.86562213095397,758.4035711800623
AAKTSE2,-1.16E-15,-112.0130855,-883.2607601,68.97473854126976,595.6020010115278
AAKTSE2,-3.90E-16,-116.3473863,-887.5900351,87.66496606269658,829.8948752874379
AAKTSE2,3.7855897540161443e-16,-182.2361315,-922.9937545,72.17408247301232,664.4444162300147
AAKTSE2,1.147413181484695e-15,-289.6682101,-978.708585,-51.48346778,619.9261793948135
AAKTSE2,-5.19E-15,-324.243622,-967.3300823,68.53675973808798,682.4268314485014
AAKTSE2,2.685121593650869e-15,-328.2579228,-968.7860239,153.85587614840378,864.0874835021891
AAKTSE2,3.453975799733937e-15,-319.5922235,-977.3897433,-18.17167411,629.0525800003217
AAKTSE2,-9.99E-15,-267.0998577,-978.3667961,100.62855341347932,573.6287876095648
AAKTSE2,-9.22E-15,-147.3152696,-994.6827378,218.6398920460171,817.6494396632527
AAKTSE2,-8.45E-15,5.514874097884099,-857.8153461,25.86900846,588.0700917169404
AAKTSE2,-7.68E-15,135.16835108765088,-611.5379544,7.161458199981666,666.1551882150726
AAKTSE2,-6.91E-15,257.90425231984193,-558.173593,34.90835238807545,712.5213958243161
AAKTSE2,-6.14E-15,46.69974951,-441.1342822,-24.1625312,518.2664923224484
AAKTSE2,-5.37E-15,-11.39788461,-374.0513349,57.62658520870709,289.7526999316917
AAKTSE2,-4.61E-15,94.37559238005157,-477.2761655,29.66125717457787,75.80557420760152
AAKTSE2,-3.84E-15,379.7690693698184,-596.5232182,30.00926247378277,-45.90599596
AAKTSE2,-3.07E-15,138.54699080402935,-338.9013821,51.90888393460374,97.27526215336087
AAKTSE2,-2.30E-15,13.95602334935225,-291.7162127,132.27193973885846,573.6041970353319
AAKTSE2,1.268022627273093e-14,-22.68938855,-400.7854877,57.61550059361904,558.1259602001307
AAKTSE2,1.3449080478814011e-14,5.717421773,-453.638096,-112.8598274,365.6166122538186
AAKTSE2,7.07996969511326e-18,8.678676540874882,-480.0807043,-79.29626659,302.11059764083944
AAKTSE2,7.759341757781939e-16,-11.1811798,-484.0610904,-82.86048351,313.52791636119423
AAKTSE2,1.5447883818612746e-15,-3.901036146,-501.5936987,-17.11470043,288.2385684148821
AAKTSE2,2.3136425879443553e-15,78.24688528795363,-530.5851959,3.8510826451969855,295.04922046856984
AAKTSE2,3.082496794027436e-15,179.7003622777205,-584.9466931,47.65019905551279,239.0798725222577
AAKTSE2,3.851351000110529e-15,89.42383927,-601.9981904,103.31375991027322,489.78719124261215
AAKTSE2,4.620205206193611e-15,79.46731626,-594.1596876,27.389340967053442,415.82188370034027
AAKTSE2,5.3890594122766906e-15,96.79079324702113,-594.2911848,3.805124044035861,254.68819231968516
AAKTSE2,6.157913618359771e-15,-166.1757298,-657.902682,70.09777580788597,214.54136962589797
AAKTSE2,6.926767824442852e-15,-217.2222528,-646.5108459,14.76800332931373,460.77424390180784
AAKTSE2,7.695622030525933e-15,-113.6587758,-577.6645653,46.096008628517545,607.8426737332736
AAKTSE2,8.464476236609013e-15,-50.95863213,-502.0171736,-98.53820829,562.6244368980724
AAKTSE2,9.233330442692094e-15,-54.85293292,-462.1220042,-174.0390919,316.67842228509323
AAKTSE2,-4.21E-15,-84.61834481,-445.810168,29.78669119279793,294.9946298943371
AAKTSE2,-3.44E-15,-47.45375671,-460.7361097,163.89469649200268,586.1963930591359
AAKTSE2,-2.67E-15,-70.86139083,-499.9831625,204.10825734676348,768.4526006683798
AAKTSE2,-1.90E-15,-136.3312472,-563.6235486,189.3284848681903,682.5032527220676
AAKTSE2,-1.13E-15,-188.3044369,-611.5961569,-14.31906539,527.1194603313103
AAKTSE2,-3.64E-16,-175.1954043,-696.2376541,28.90449546659862,819.4023346072202
AAKTSE2,4.044551700716802e-16,-172.048594,-829.3413735,-165.3700245,565.0207644
AAKTSE2,1.1733093761547609e-15,-76.39956144,-825.6606485,-170.1361606,493.7258609368188
AAKTSE2,1.9421635822378415e-15,-93.21719556,-770.3165902,14.658511364212245,748.5665129905066
AAKTSE2,2.7110177883209226e-15,-99.01371857,-736.8336429,101.49429444119505,787.8316094886384
AAKTSE2,3.479871994404003e-15,-94.31448401,-712.6193826,-13.94547804,572.9978170978818
AAKTSE2,4.2487262004870836e-15,-89.36898682,-706.4121929,73.47474948,692.7729135960141
AAKTSE2,-9.19E-15,-107.6455098,-665.3448012,104.31497700547541,758.1713434274799
AAKTSE2,-8.42E-15,-119.7886995,-636.7840762,-0.447017695,503.8064399256117
AAKTSE2,-7.66E-15,-144.429667,-632.391129,34.30098760388498,459.11153642374444
AAKTSE2,-6.89E-15,-130.70619,-605.3626262,91.33454846,746.2521884774324
AAKTSE2,-6.12E-15,-162.392713,-583.5552345,156.6669982022936,772.4639516422311
AAKTSE2,-5.35E-15,-184.649236,-556.9556206,135.9361146126094,699.5346037
AAKTSE2,-4.58E-15,-234.575759,-589.4537845,197.31634213403623,661.6941446384958
AAKTSE2,-3.81E-15,-216.9250093,-590.8886151,253.1487919,660.3603522477385
AAKTSE2,-3.04E-15,-152.378805,-580.5323345,191.22235273244578,360.5787820792044
AAKTSE2,-2.27E-15,-114.2873482,-579.4549428,273.5670246983166,584.1794341328922
AAKTSE2,-1.50E-15,-66.9674066,-591.1431067,279.9628077752993,755.3134195
AAKTSE2,-7.36E-16,-92.67837405,-589.3946039,136.78970196339262,651.8251826847119
AAKTSE2,3.297616436515383e-17,-84.08156373,-601.9161011,21.39326281815293,596.6025014050667
AAKTSE2,-1.34E-14,-91.50364229,-615.1564872,44.62793478402371,618.2975979031995
AAKTSE2,-1.26E-14,-52.48905419,-643.9390955,52.59371786100651,736.2538055124425
AAKTSE2,-1.19E-14,-72.79446609,-666.902815,145.62838982687728,800.6733464550191
AAKTSE2,-1.11E-14,-100.5965447,-701.1909788,139.9130617927481,584.0262207309293
AAKTSE2,-1.03E-14,-156.2375121,-713.2435872,171.87884486973087,435.6124283401728
AAKTSE2,4.646101400863663e-15,-183.3240351,-733.0450844,137.3846279467137,227.06196928274954
AAKTSE2,5.414955606946744e-15,-21.51166924,-748.261026,110.59929991258447,295.70595466977034
AAKTSE2,6.183809813029825e-15,-104.8570811,-724.3780788,2.5284163229002585,374.30549561234716
AAKTSE2,6.952664019112905e-15,-110.8536042,-615.8684649,-88.61024504,562.8472588
AAKTSE2,7.721518225195986e-15,-41.02012716,-700.5544066,1.9566491435318127,785.5790219419448
AAKTSE2,8.490372431279066e-15,-33.25553906,-689.8425704,202.73010898819095,867.4374517734107
AAKTSE2,9.259226637362147e-15,-73.50428429,-678.4607343,260.25599307527347,747.2803260493205
AAKTSE2,1.0028080843445228e-14,-74.56969619,-681.6655649,201.40066504114526,733.4598669918973
AAKTSE2,-3.41E-15,-72.66177476,-706.3337287,8.960892562571997,549.1505190455852
AAKTSE2,-2.65E-15,-61.98829777,-739.2285593,64.03112008399883,827.1489488770509
AAKTSE2,-1.88E-15,-58.27926522,-777.3200565,-71.09865239,819.2729342640718
AAKTSE2,-1.11E-15,-14.36356601,-785.614887,-157.4884249,640.6224752066486
AAKTSE2,-3.39E-16,240.43768875583194,-699.7374954,9.877358203835172,321.7031272603364
AAKTSE2,4.3035136474173343e-16,445.6867213011538,-672.8989926,27.512030169705984,-182.3062207
AAKTSE2,1.199205570824814e-15,278.2346427353657,-680.1760453,14.967813246688749,-403.1177909
AAKTSE2,1.9680597769078947e-15,234.3892308362436,-719.2597648,71.58804076811457,-477.8226944
AAKTSE2,2.7369139829909754e-15,70.99826338156653,-601.0723731,87.46271273398636,-367.1442645
AAKTSE2,3.505768189074056e-15,7.7550737046663825,-740.000537,117.28849581096915,-240.0813902
AAKTSE2,4.274622395157137e-15,57.247439583322404,-872.0475897,193.35316777683994,222.17592847135228
AAKTSE2,5.0434766012402174e-15,-131.0035279,-763.719087,81.02339529826672,232.44769163615106
AAKTSE2,5.812330807323298e-15,-174.4956064,-679.5083619,50.86362281969352,118.09056591206095
AAKTSE2,-7.63E-15,-85.40435167,-599.178748,15.553850341120292,29.50899574352674
AAKTSE2,-6.86E-15,-55.06865246,-626.708023,12.641855640325085,159.93742557499266
AAKTSE2,-6.09E-15,66.03704675437876,-490.907298,-134.0556946,-82.10970015
AAKTSE2,-5.32E-15,228.47274596636763,-125.5787952,-292.8376893,-138.4690481
AAKTSE2,-4.55E-15,714.7228896228016,-4.155847995,-142.969684,-199.4606183
AAKTSE2,-3.79E-15,692.7896999459015,-118.705123,-202.3550121,-391.6044107
AAKTSE2,-3.02E-15,562.4242880467802,-203.2377313,-177.1847845,-438.2593142
AAKTSE2,-2.25E-15,597.6596842284658,-255.0715518,-235.064557,-444.0164399
AAKTSE2,-1.48E-15,374.22624202631306,12.193996493179313,-213.0321073,-464.9235656
AAKTSE2,-7.10E-16,180.7502746,123.60666594863939,-107.414102,-515.6951358
AAKTSE2,5.887235903523226e-17,221.66375156140285,111.26850207076617,-16.61387444,-528.8844837
AAKTSE2,8.277265651183129e-16,179.98278410672577,67.11922708178163,113.78635307681503,-581.2593872
AAKTSE2,1.5965807712013936e-15,117.12070554093667,8.685507648353045,120.26658059824182,-663.8054018
AAKTSE2,-1.18E-14,88.49862697514756,6.304010437146488,111.26569700855758,-686.8125276
AAKTSE2,-1.11E-14,45.752103964914646,-0.271931219,128.48036897442842,-668.5407644
AAKTSE2,-1.03E-14,-117.5288635,-39.76898399,198.42726316252222,-571.6212235
AAKTSE2,-9.54E-15,-209.1787198,-92.41270342,215.19749068394913,-491.8083492
AAKTSE2,-8.77E-15,-310.3007984,-148.2530895,157.54327376093178,-451.7632527
AAKTSE2,-8.00E-15,-380.9173214,-42.22347562,93.10794572680257,-429.9192673
AAKTSE2,-7.23E-15,-345.6140464,-55.99315465,79.17817324822937,-481.8286152
AAKTSE2,-6.46E-15,-321.9237008,-37.37313671,89.89173410298915,-524.7279632
AAKTSE2,-5.69E-15,-224.5957793,-23.30685614,74.86862829108294,-532.0962
AAKTSE2,-4.93E-15,-247.6367468,-98.72057557,59.79885581,-618.0866591
AAKTSE2,-4.16E-15,-234.9777142,158.1212605473035,51.62241666727051,-755.7404515
AAKTSE2,1.0822831244198389e-14,-58.61757058,752.2675411138739,55.189310855363274,-782.3286883
AAKTSE2,-2.62E-15,-211.5718714,860.7649327915564,42.865093932345594,-777.695814
AAKTSE2,-1.85E-15,-270.0806166,930.0445466914608,51.64532145377291,-815.0396064
AAKTSE2,-1.08E-15,-279.7571396,985.0419384,89.50999342,-830.8233988
AAKTSE2,-3.13E-16,-241.2936626,804.6115522690476,65.66355427440347,-782.9327468
AAKTSE2,4.562475594118118e-16,-81.23351897,811.7889439467308,64.14267068471926,-731.6120947
AAKTSE2,1.2251017654948925e-15,-53.2122642,987.2285578466344,45.47067598392408,-737.1214426
AAKTSE2,1.9939559715779728e-15,-117.3554539,703.5537273020941,73.42534794979485,-739.185235
AAKTSE2,2.762810177661054e-15,-49.19419911,531.8155634242212,83.10113102677768,-777.704583
AAKTSE2,3.5316643837441345e-15,18.44705565937472,419.82517732412566,97.75135855,-752.2894865
AAKTSE2,4.300518589827215e-15,15.647199315808255,486.2747912240301,102.79380829185328,-629.3688344
AAKTSE2,5.069372795910296e-15,-19.01487925,764.8710717906015,114.51736914661306,-617.5292935
AAKTSE2,5.838227001993377e-15,35.944153295342055,841.4895745793949,-59.40795889,-649.0675303
AAKTSE2,6.607081208076457e-15,-47.00236971,713.7914107015213,-85.58773137,-730.2368783
AAKTSE2,-6.83E-15,-70.03889273,574.0965801569816,-108.2797261,-766.1273373
AAKTSE2,-6.07E-15,111.24569537575375,914.7717496124411,-80.59283188,-796.1777964
AAKTSE2,-5.30E-15,35.853616809964635,782.7846968456796,-37.23371547,-802.1471443
AAKTSE2,-4.53E-15,35.52376046639854,744.3809774122509,-33.74348795,-813.1887145
AAKTSE2,-3.76E-15,96.13834857,982.8461468677114,-28.64437154,-794.9025069
AAKTSE2,-2.99E-15,81.09849222371025,725.8146496565043,83.15363376247241,-665.7329659
AAKTSE2,-2.22E-15,106.90196921347714,532.5487080008533,177.61497239501017,-596.6456472
AAKTSE2,-1.45E-15,155.90544620324414,433.1760996785356,358.46671506795195,-700.6207527
AAKTSE2,-6.84E-16,132.05781208190018,334.96015802288446,272.8543163267528,-791.4887876
AAKTSE2,8.476855370528545e-17,123.75795573833388,280.0275497005665,201.33343273706853,-680.7670244
AAKTSE2,8.536227597883661e-16,58.48032161698876,172.03049693380487,126.77477136960633,-725.6663723
AAKTSE2,1.6224769658714468e-15,-198.7273125,407.8534441670423,24.11499889103311,-661.0290536
AAKTSE2,2.391331171954528e-15,-141.8738355,288.70639140028067,-15.02699581,-618.7184016
AAKTSE2,3.1601853780376077e-15,38.96964147517842,34.59933863351809,-2.783434955,-660.1077495
AAKTSE2,3.929039584120689e-15,61.76534068716837,21.253396977867453,17.266792566424478,-765.6259864
AAKTSE2,4.6978937902037695e-15,-196.717849,-31.17810023,130.8359089767403,-844.8264454
AAKTSE2,5.46674799628685e-15,-349.224372,69.52818033323135,213.5472476092781,-822.08246
AAKTSE2,6.235602202369931e-15,-300.8153395,193.87112756646974,95.41303068625987,-698.5095857
AAKTSE2,7.0044564084530115e-15,-197.4863069,250.04963035526325,-93.50340846,-881.1144892
AAKTSE2,-2.06E-14,-129.3461633,274.3070220329446,-400.6131809,-949.5638372
AAKTSE2,-1.99E-14,-245.9582418,530.4399692661833,-517.3951756,-982.8609629
AAKTSE2,-1.91E-14,-134.4469871,654.4862498327544,-458.1749481,-978.4625331
AAKTSE2,-1.83E-14,-151.6357323,713.8836415104369,-511.9024984,-906.511881
AAKTSE2,-1.76E-14,-31.67892196,614.1954776325639,-376.8522709,-861.011229
AAKTSE2,-1.68E-14,-94.94211164,418.32286931024566,-312.5420433,-849.0505769
AAKTSE2,-1.60E-14,-110.0553013,264.8491498768171,-285.9407047,-845.7121471
AAKTSE2,-1.53E-14,-113.188491,190.3076526656105,-295.6115883,-746.1674546
AAKTSE2,-1.45E-14,-70.27279178,185.78393323218188,-336.1502497,-760.9241763
AAKTSE2,-1.37E-14,-138.601537,225.08465824319725,-319.6911332,-730.5679687
AAKTSE2,-1.30E-14,-131.6002822,371.77204992087974,-83.07423906,-638.2473167
AAKTSE2,-1.22E-14,-174.1056941,704.3472193763396,50.895988464809164,-591.4622202
AAKTSE2,-1.14E-14,-180.3355505,602.1879443873554,136.56954931956895,-546.2660126
AAKTSE2,-1.07E-14,-145.1931846,707.6431138,52.44977684099574,-607.9153605
AAKTSE2,-9.88E-15,-282.2941521,443.3671721871644,37.34333769575554,-711.2969307
AAKTSE2,-9.12E-15,-275.429564,315.5156749759578,67.76245410607132,-774.5940564
AAKTSE2,-8.35E-15,-141.7771981,386.7541777647512,44.9513685,-799.6034043
AAKTSE2,-7.58E-15,-87.54372109,571.5460138868779,35.655131371146894,-775.8927523
AAKTSE2,-6.81E-15,-124.2202441,534.2711833423381,56.23091444812968,-670.6021002
AAKTSE2,-6.04E-15,-188.1445449,345.06190835335366,69.06114197,-658.5025593
AAKTSE2,-5.27E-15,-173.0032901,504.72818891992483,13.871369490983302,-660.7907961
AAKTSE2,-4.50E-15,-175.3320354,620.1255805976073,-6.689514099,-603.0323663
AAKTSE2,-3.73E-15,-264.1685584,622.5296389419557,-10.01039769,-661.0339365
AAKTSE2,-2.96E-15,-90.01285915,617.4592528418607,-32.93128128,-675.39884
AAKTSE2,-2.20E-15,-10.6727155,488.5199778528765,-17.38994265,-708.9481879
AAKTSE2,-1.43E-15,-90.67257184,702.1873695,13.723618209228265,-785.3875359
AAKTSE2,-2.91E-14,33.60757181438591,563.6392056526854,29.874956841766053,-820.9202171
AAKTSE2,-2.83E-14,49.39993769304183,472.38881955258967,252.51629547430386,-902.0762317
AAKTSE2,-2.75E-14,14.51452579391977,305.9562112302722,269.38985632906457,-787.3600241
AAKTSE2,-2.68E-14,22.548002783686652,62.52026957462158,210.3088717292794,-887.1067458
AAKTSE2,-2.60E-14,37.308146440120524,71.33766125230296,243.1114224830292,-996.7064978
AAKTSE2,-2.52E-14,115.98384565210945,2.965052929985461,126.9238722,-885.0036235
AAKTSE2,-2.45E-14,249.02843375298733,20.76688905211286,122.94298863699376,-789.1051937
AAKTSE2,-2.37E-14,484.5385774094211,-38.10238594,99.73432727,-901.9712083
AAKTSE2,5.492644190956954e-15,313.34316551029906,-136.232772,103.42677701318037,-942.2816674
AAKTSE2,6.261498397040009e-15,-78.16113528,-150.4542692,105.75256009016319,-899.0665709
AAKTSE2,7.030352603123115e-15,-62.52765829,-162.4779887,82.23500983,-828.1503633
AAKTSE3,9.69143031273446e-15,-243.289906,794.1323715078703,43.681227234858305,-846.7637708
AAKTSE3,1.046028451881754e-14,-329.0586513,808.7597631855526,46.733676978507496,-883.7731188
AAKTSE3,1.1229138724900622e-14,-315.6107298,629.0071549,47.14168227771189,-925.4924667
AAKTSE3,1.1997992930983704e-14,-187.1794751,762.8378798742505,30.983020910249756,-917.6662591
AAKTSE3,1.2766847137066783e-14,-59.16933142,746.3619382185999,-1.957862679,-902.3511626
AAKTSE3,1.3535701343149864e-14,-55.27474332,886.5471076740594,-54.30763516,-898.974955
AAKTSE3,1.4304555549232945e-14,76.44317811216834,917.5578326850757,-4.147407637,-959.3209696
AAKTSE3,1.5073409755316022e-14,79.53857429385455,949.6104768880102,-1.487180115,-951.304762
AAKTSE3,1.5842263961399106e-14,54.58235431392414,867.2848382626615,-2.872508149,-920.3318877
AAKTSE3,1.6611118167482187e-14,-139.8708354,883.7066743847889,-46.51116952,-870.7001246
AAKTSE3,1.7379972373565267e-14,-252.684025,867.5251771735823,-187.3820531,-953.8972503
AAKTSE3,1.8148826579648348e-14,-279.9238814,859.7981244068197,-237.55627,-966.8665982
AAKTSE3,1.8917680785731432e-14,-158.6026266,944.2721827511692,-189.5138203,-909.9326129
AAKTSE3,1.9686534991814513e-14,-210.0035941,963.4151299844067,-258.9347039,-918.6452941
AAKTSE3,2.0455389197897593e-14,-261.7078949,830.7336328,-285.8278097,-968.3779754
AAKTSE3,-7.20E-15,-127.5533068,1035.8043577842154,-266.3753599,-1009.21399
AAKTSE3,-6.43E-15,-108.9664964,898.0306383507868,-253.1834658,-985.0594491
AAKTSE3,-5.66E-15,-173.6607972,937.4035855840243,-132.9049049,-1033.450868
AAKTSE3,-4.89E-15,-231.5888354,950.2836035243337,-61.98467738,-1031.555367
AAKTSE3,-4.12E-15,-246.4681867,1079.6451366161575,-74.41667208,-999.8013818
AAKTSE3,-3.35E-15,-167.768144,1268.9079828392935,-93.54866678,-992.5407298
AAKTSE3,-2.58E-15,-40.24911149,1299.995374516977,-67.75399482,-1002.661189
AAKTSE3,-1.82E-15,24.05103217,1306.3016550835475,-49.12154507,-1000.078315
AAKTSE3,-1.05E-15,77.44784249376116,1257.7001578723407,-100.8235398,-1000.938774
AAKTSE3,-2.78E-16,-21.18423607,1096.577549550023,-131.3477567,-988.7036771
AAKTSE3,4.910760344075205e-16,-49.01520353,1132.3071634499277,-47.85308473,-1004.287469
AAKTSE3,1.2599302404906012e-15,39.73049568528486,1210.691221794277,-52.9417461,-1070.16904
AAKTSE3,2.028784446573682e-15,57.35063934171778,1148.5652801386254,-109.1948519,-1126.166165
AAKTSE3,2.7976386526567625e-15,93.78856077592896,1053.2926718163078,-122.8924022,-1129.185513
AAKTSE3,3.566492858739843e-15,27.618704432362552,1131.0811746051013,-171.3121746,-1121.724861
AAKTSE3,4.335347064822924e-15,-30.97781858,1102.3963440605617,-172.2519471,-1128.774209
AAKTSE3,5.104201270906005e-15,-46.30767492,1002.5270690715769,-189.9083863,-1123.460224
AAKTSE3,2.0083910192191092e-14,47.2491354,1104.4366829714816,-128.1642194,-1139.751996
AAKTSE3,2.0852764398274173e-14,33.92705683587411,1077.585185760275,-94.35459789,-1144.742253
AAKTSE3,7.410763889155272e-15,31.83275604786402,1149.6147996601792,-103.9243704,-1134.941601
AAKTSE3,8.179618095238352e-15,43.56289970429688,1115.9788580045288,-101.8608095,-1131.240949
AAKTSE3,8.948472301321433e-15,-166.8791789,1018.8573607933213,-159.140582,-1162.010297
AAKTSE3,9.717326507404514e-15,56.50207590605326,848.7491969154485,-113.4670211,-1206.919645
AAKTSE3,1.0486180713487594e-14,75.51110845137565,784.0476997,-73.48012695,-1255.078993
AAKTSE3,1.1255034919570675e-14,107.26347433003147,975.0162024930354,-56.22989943,-1252.292785
AAKTSE3,1.2023889125653756e-14,178.66084020868732,1193.9360941707178,-60.86967191,-1188.187689
AAKTSE3,1.2792743331736837e-14,26.500428309565244,1193.0632080706223,-63.76944439,-1188.377037
AAKTSE3,1.3561597537819916e-14,-98.06053915,1259.5794886371937,-81.88921687,-1188.665273
AAKTSE3,1.4330451743902998e-14,-203.185951,1042.1191025370981,-75.79898934,-1143.475733
AAKTSE3,1.5099305949986082e-14,-189.7891407,1236.9731608814463,-183.2220952,-1097.203969
AAKTSE3,1.5868160156069162e-14,-143.5867748,1005.4183303369069,-202.6685343,-1075.244428
AAKTSE3,1.663701436215224e-14,-124.0721867,1180.0857220145895,-231.6560846,-1058.278221
AAKTSE3,3.195013853033342e-15,-147.3087098,1060.6542248033827,-167.0680793,-992.8220132
AAKTSE3,3.963868059116423e-15,-58.1085661,1221.143838703287,-107.4778517,-990.15025
AAKTSE3,4.7327222651995034e-15,-73.51175577,934.3112303809695,54.75237578477108,-924.1518202
AAKTSE3,5.501576471282584e-15,19.512832328578256,973.7641776,152.6259366395309,-887.6489459
AAKTSE3,6.270430677365665e-15,84.61297598501115,1249.2760137363334,-16.95855806,-975.1827383
AAKTSE3,7.039284883448746e-15,-16.2513248,1355.5967387473497,-32.87694165,-1069.189864
AAKTSE3,7.808139089531826e-15,-236.1178478,1226.6952415361432,-50.91226969,-1080.911434
AAKTSE3,8.576993295614907e-15,-324.1288153,1191.420410991603,-49.50648661,-1054.45856
AAKTSE3,9.345847501697987e-15,-454.8297827,1035.072247,-51.49181464,-1055.782352
AAKTSE3,1.0114701707781068e-14,-472.1563057,913.3707499025234,-64.59603157,-1061.527256
AAKTSE3,1.0883555913864147e-14,-512.8883843,843.6381415802058,-144.135804,-1087.186604
AAKTSE3,1.1652410119947231e-14,-398.4504629,723.8577554801102,-209.0455765,-1105.788174
AAKTSE3,1.2421264326030312e-14,-338.4558748,643.4218138244596,-203.9209046,-1068.688835
AAKTSE3,-1.02E-15,-126.9335089,226.27587216880806,29.094878520465794,-341.6490921
AAKTSE3,-2.52E-16,3.5399681049030756,112.15326384649046,-154.6382273,-86.77510667
AAKTSE3,5.169722290775737e-16,14.436778428003258,142.48065552417285,-202.3235553,-90.79445461
AAKTSE3,1.2858264351606544e-15,-22.98307792,171.20026942407728,-170.24555,140.58953077261134
AAKTSE3,2.054680641243735e-15,-34.34293426,166.97099443509273,-155.9842114,178.61796060407733
AAKTSE3,2.8235348473268157e-15,30.21054273063683,153.98505277944216,-171.8462061,17.44861265776519
AAKTSE3,3.5923890534098956e-15,16.66735305373752,140.41577779045753,-25.06486746,52.01926471
AAKTSE3,4.361243259493002e-15,-110.42917,75.62650280147295,173.31647117045335,182.67991676514083
AAKTSE3,5.130097465576083e-15,-211.0345819,7.318338923600393,108.34003202521316,138.17945770771763
AAKTSE3,2.0109806386861167e-14,-86.97221598,115.6357306012818,-12.64196268,-80.12877913
AAKTSE3,2.0878660592944248e-14,-76.00873899,159.03978894563122,93.45493151251176,246.88409514842624
AAKTSE3,2.1647514799027332e-14,-325.6385953,123.81829173442462,136.82515903393852,174.2525249798921
AAKTSE3,8.205514289908406e-15,-398.651785,85.00679452321798,109.48427544425431,310.9287325891359
AAKTSE3,8.974368495991512e-15,-395.7305302,28.794186200900196,66.08339185,259.98382908726774
AAKTSE3,9.743222702074592e-15,-321.444831,20.283800100804847,29.708063820440888,132.62892558539954
AAKTSE3,1.0512076908157671e-14,-312.2702429,-97.84547489,-13.10281977,-23.27264458
AAKTSE3,1.1280931114240754e-14,-438.037877,-429.7791943,-49.88592558,83.18911858166419
AAKTSE3,1.2049785320323834e-14,-281.3921778,-423.6184693,-16.46125362,387.46643730201896
AAKTSE3,1.2818639526406917e-14,-265.8120342,-427.1188554,-58.44547054,270.7248671334848
AAKTSE3,1.3587493732489996e-14,-196.1474461,-372.793686,-84.44524302,484.1499636316168
AAKTSE3,1.4356347938573076e-14,155.53380868825195,-231.9762943,-64.44612661,736.2472823519714
AAKTSE3,1.5125202144656157e-14,270.7395079002409,-175.4666804,46.67854535931735,686.5468232945483
AAKTSE3,1.5894056350739238e-14,174.2929848900078,-241.8381776,85.38988399185526,525.6196976
AAKTSE3,1.6662910556822318e-14,-117.5713159,-77.33634147,71.86011151328202,413.9425718463688
AAKTSE3,1.7431764762905402e-14,-239.7233945,460.8454946554057,-22.9829943,88.00877946
AAKTSE3,3.989764253786501e-15,-151.7865841,936.8673307775323,-21.96943344,-215.086124
AAKTSE3,4.758618459869582e-15,-132.991996,732.1958335663257,-56.04476148,-264.2121387
AAKTSE3,5.5274726659526625e-15,-181.3940746,498.1621141328972,-74.2789784,-260.6314866
AAKTSE3,6.296326872035743e-15,-279.4761532,356.0028391439126,-66.19986199,-324.7908346
AAKTSE3,7.065181078118824e-15,-198.1537873,425.6580085993727,-40.41852336,-355.6357381
AAKTSE3,7.834035284201905e-15,-306.7536436,618.6698447214994,-14.29829584,-400.755086
AAKTSE3,8.602889490284985e-15,-375.7090555,725.8172363991819,-3.118068315,-493.0566562
AAKTSE3,9.371743696368066e-15,-312.9822452,700.6468502990862,17.20327031723418,-531.3804486
AAKTSE3,1.0140597902451148e-14,-370.616546,687.4297975323241,-9.367613272,-535.5920187
AAKTSE3,1.0909452108534227e-14,-471.4586246,668.4994114,-99.23738575,-499.3935889
AAKTSE3,1.1678306314617308e-14,-282.2818142,753.4023586654665,-52.34715823,-679.3751591
AAKTSE3,1.2447160520700387e-14,-138.606115,819.3253058987043,-72.91915293,-739.8900626
AAKTSE3,1.3216014726783471e-14,-81.19486026,682.0693642430534,-79.39670319,-842.1605216
AAKTSE3,-2.26E-16,-31.14916105,706.6245336985138,-235.9853646,-886.0620918
AAKTSE3,5.428684237476521e-16,-43.32790628,828.3263698206403,-255.8740259,-881.1392175
AAKTSE3,1.3117226298307328e-15,-99.28776263,887.3504281649887,-364.7715762,-952.8630099
AAKTSE3,2.080576835913814e-15,-327.5509523,765.2333754,-415.6013487,-998.9979134
AAKTSE3,2.8494310419968937e-15,-250.3885864,1017.8263226314644,-446.3155656,-1054.857261
AAKTSE3,3.618285248079975e-15,-230.4739983,924.9403809758139,-504.7253381,-1051.926609
AAKTSE3,4.3871394541630555e-15,-299.8360769,863.2488837646073,-456.5417772,-1068.593735
AAKTSE3,5.155993660246136e-15,-287.7103777,864.5618309978452,-348.9823578,-1053.262376
AAKTSE3,5.924847866329217e-15,-117.0635674,1067.586798433103,6.457566728320456,-558.5146531
AAKTSE3,6.6937020724122975e-15,-118.1534237,1097.3132810198765,129.39557202752508,-659.1540011
AAKTSE3,7.462556278495378e-15,-42.81216893,1253.277339364225,138.05579954895182,-691.303349
AAKTSE3,8.231410484578459e-15,-251.7298031,972.4680643752409,67.96410787845963,-721.5304748
AAKTSE3,9.000264690661541e-15,-192.1496594,1078.4899004973677,-48.29152319,-738.3819439
AAKTSE3,-4.44E-15,-211.3650713,1000.3661810639386,-12.004629,-728.6269484
AAKTSE3,-3.67E-15,-239.3227054,968.3269060749546,-58.78329037,-725.2107408
AAKTSE3,-2.90E-15,-218.1492284,966.1698533081924,-100.1230628,-730.7000888
AAKTSE3,-2.14E-15,110.67424856254829,1168.4539116525414,-119.1772798,-725.2094367
AAKTSE3,1.2844535721076968e-14,187.56772555231524,962.2324144413348,-96.98533507,-724.4187847
AAKTSE3,1.3613389927160047e-14,42.79898031985912,778.6875838967943,-88.17571361,-777.3581326
AAKTSE3,1.4382244133243133e-14,-66.45087602,747.8271977966997,19.90229168623697,-816.9474806
AAKTSE3,1.515109833932621e-14,-114.7218435,733.9045895,8.898074763219746,-847.9568285
AAKTSE3,1.591995254540929e-14,-114.9472554,993.4030922631747,41.74385784020255,-810.6628431
AAKTSE3,1.668880675149237e-14,-35.1948895,1115.394928385302,89.68852980607336,-784.0133022
AAKTSE3,1.7457660957575452e-14,-37.58807918,913.7467645074283,71.18320177194413,-851.5382057
AAKTSE3,1.8226515163658533e-14,-85.01793552,804.3430450739997,58.46565151559392,-848.7542203
AAKTSE3,1.8995369369741617e-14,-89.93334742,1018.8615478627931,62.47921237035368,-822.6635682
AAKTSE3,5.553368860622716e-15,-133.1909815,946.9789395404755,1.028328780669399,-801.5962495
AAKTSE3,6.3222230667057956e-15,-132.8775046,732.7674423,2.754111858,-786.1722641
AAKTSE3,7.091077272788877e-15,-289.3706942,676.6981673402846,-21.06121618,-721.3927232
AAKTSE3,7.859931478871958e-15,-171.2383283,900.4744479068559,-20.79987754,-726.55096
AAKTSE3,8.628785684955038e-15,-149.921518,1226.0451729178712,-48.50965002,-714.590308
AAKTSE3,9.397639891038119e-15,-275.2435966,1191.8314534844426,-56.41720028,-708.4196559
AAKTSE3,1.01664940971212e-14,-400.2356752,929.7677341,-16.70475054,-725.3334483
AAKTSE3,1.093534830320428e-14,-506.1344204,1154.0373479509185,-39.89714928,-739.3783518
AAKTSE3,1.170420250928736e-14,-468.9087212,1268.506961850823,-82.17873994,-774.2776997
AAKTSE3,1.2473056715370442e-14,-299.2219109,1217.4510201951725,-72.44184575,-788.2326032
AAKTSE3,1.3241910921453522e-14,-65.74621164,1257.0339674284096,-136.1027293,-805.2563956
AAKTSE3,1.4010765127536603e-14,-267.8938458,1082.2669146616477,-238.704724,-851.0424103
AAKTSE3,5.687646184177053e-16,-436.8781466,917.6443063393293,-317.8578299,-910.6862026
AAKTSE3,1.337618824500786e-15,-412.3857807,868.5394758,-294.2209357,-909.8888839
AAKTSE3,2.106473030583867e-15,-331.7723037,874.3179785835832,-293.0873748,-934.4837874
AAKTSE3,2.8753272366669473e-15,-270.1832711,866.3975924834878,-262.183814,-956.5942465
AAKTSE3,3.644181442750041e-15,-271.3253497,792.5149841611701,-374.3369198,-965.2724833
AAKTSE3,4.413035648833121e-15,-261.5385394,723.1323758388526,-502.0389145,-969.7818313
AAKTSE3,5.181889854916202e-15,-142.2783957,876.7519897387572,-508.4609092,-974.4556237
AAKTSE3,5.950744060999283e-15,-271.9993632,867.1260480831057,-416.2898736,-1068.746891
AAKTSE3,6.7195982670823625e-15,-267.6314417,1022.2889953163439,-413.0160097,-1097.106542
AAKTSE3,7.488452473165444e-15,-323.3046314,981.4474981051372,-464.1457822,-1004.609223
AAKTSE3,8.257306679248525e-15,-334.3678211,1078.6060008939307,-485.498888,-895.5041265
AAKTSE3,9.026160885331604e-15,-403.6610108,1017.2545036827241,-451.6253271,-909.9679189
AAKTSE3,9.795015091414686e-15,-218.0486449,1180.0818953604066,-415.6550996,-1001.406156
AAKTSE3,-3.65E-15,-178.326279,1004.9959537047555,-522.4848721,-1074.056615
AAKTSE3,-2.88E-15,-125.7439131,983.9400120491043,-569.829089,-1130.889296
AAKTSE3,-2.11E-15,-64.52710282,928.0985148378977,-579.304417,-1131.735311
AAKTSE3,-1.34E-15,-37.00362583,876.6170176266912,-553.6464117,-1148.386881
AAKTSE3,-5.72E-16,137.96429560790105,1006.9977426377066,-525.413962,-1212.574007
AAKTSE3,1.9728561271119155e-16,95.73110593100196,1113.464023204278,-613.7404011,-1231.390021
AAKTSE3,9.661398187942722e-16,73.76124958743492,1129.1303037708494,-642.5923958,-1239.286036
AAKTSE3,1.734994024877353e-15,-45.72082898,879.1088065596426,-512.628835,-1230.607606
AAKTSE3,2.5038482309604336e-15,-165.6884631,787.0861982373252,-533.4586075,-1248.174732
AAKTSE3,3.2727024370435147e-15,-232.7127639,759.6291454705625,-689.5050466,-1277.278524
AAKTSE3,1.8252411358328602e-14,-206.1415091,634.2420927038011,-618.3025969,-1413.620094
AAKTSE3,4.810410849209688e-15,-98.31580991,886.0439288259275,-611.8323693,-1361.279442
AAKTSE3,5.579265055292769e-15,-218.8823329,817.0779871702763,-671.7421418,-1206.437679
AAKTSE3,6.3481192613758496e-15,-315.109967,973.6342677368473,-643.758581,-1288.317027
AAKTSE3,7.11697346745893e-15,-360.2787123,888.8749927478627,-594.5516868,-1345.367486
AAKTSE3,7.885827673542011e-15,-371.3296797,892.9768288699901,-586.4181259,-1412.151278
AAKTSE3,1.5492545220241026e-15,-160.3595361,941.7653316587835,-593.2378984,-1542.546182
AAKTSE3,2.318108728107183e-15,-221.574948,1020.6760566697989,-615.7232264,-1596.74553
AAKTSE3,3.0869629341902637e-15,-265.2359154,1110.0067816808144,-697.9485545,-1596.982656
AAKTSE3,3.8558171402733436e-15,-202.457994,970.9797289140527,-726.4705492,-1581.982004
AAKTSE3,4.624671346356425e-15,-163.9578503,892.3682317028458,-647.6547661,-1642.681352
AAKTSE3,5.393525552439506e-15,-131.73104,876.0000678249726,-616.3334275,-1569.689588
AAKTSE3,1.3267807116123588e-14,-78.62311858,852.5652373,-646.5331999,-1574.757825
AAKTSE3,6.9312339646056805e-15,-35.35408603,794.4870734025594,-708.5896391,-1580.821618
AAKTSE3,7.70008817068876e-15,-37.27449793,770.1077984,-669.193856,-1549.840966
AAKTSE3,8.468942376771841e-15,-1.83602094,889.7418568,-599.4858507,-1553.232536
AAKTSE3,9.237796582854922e-15,75.09634493832867,1022.1125817689397,-570.8122898,-1548.621884
AAKTSE3,1.0006650788938017e-14,50.366488594762586,866.7744178910664,-625.598729,-1530.609009
AAKTSE3,1.0775504995021096e-14,-4.746701082,715.9295873465264,-627.5451681,-1523.161691
AAKTSE3,4.4389318435031745e-15,-158.9610019,632.6269790242089,-710.438274,-1485.547705
AAKTSE3,5.207786049586268e-15,-245.6297471,718.3765929241133,-639.1424909,-1347.744831
AAKTSE3,5.976640255669349e-15,-188.1129368,759.0762068240176,-345.1078189,-822.2664012
AAKTSE3,6.745494461752429e-15,-198.5383487,752.1502651683671,-280.2275914,-519.4657491
AAKTSE3,7.514348667835511e-15,-41.84042724,338.8209901793825,-233.8651416,-103.9695415
AAKTSE3,8.28320287391859e-15,-12.88583914,144.34060407928692,25.422863655961212,374.5455549929277
AAKTSE3,1.946629722400682e-15,-22.83791771,64.65355131252534,-144.4635755,138.82287371328218
AAKTSE3,2.7154839284837626e-15,-54.00555183,-30.60239034,-272.0366813,420.8524146558593
AAKTSE3,3.4843381345668433e-15,-25.01096373,-109.688332,-161.2697871,394.5708444873241
AAKTSE3,4.253192340649924e-15,-6.419708962,-139.3420514,-61.33955959,228.5903854299011
AAKTSE3,5.0220465467330046e-15,-15.40845419,-137.1891042,-166.4648876,122.13325970581074
AAKTSE3,5.790900752816085e-15,-13.8749772,-142.6483792,-281.6357712,331.5394673150546
AAKTSE3,6.559754958899166e-15,-39.83150022,-166.9798764,-219.5255437,332.7101193687423
AAKTSE3,2.2318180738125743e-16,-60.77802323,-205.3813736,106.41579493848657,397.47299364465215
AAKTSE3,9.92036013464338e-16,-52.79676846,-237.2917597,92.26602245991337,369.22586792056234
AAKTSE3,8.86631757714842e-15,-89.31106925,-251.9121458,79.33847220356213,330.2254088631394
AAKTSE3,9.6351717832315e-15,-81.26759226,-279.1658652,8.005366392,190.38272758349368
AAKTSE3,1.0404025989314582e-14,-51.37411527,-290.9106958,-138.0555172,190.09004630384777
AAKTSE3,1.1172880195397664e-14,-43.06063828,-393.7588597,-67.92417857,370.1806983575363
AAKTSE3,4.836307043879754e-15,-68.98382795,-436.1348013,-74.99395104,371.32468374455715
AAKTSE3,5.605161249962835e-15,-25.00701763,-563.9262985,-254.0992791,134.04422468713383
AAKTSE3,6.3740154560459146e-15,58.38979269273409,-599.5133513,-245.743496,66.12598785193231
AAKTSE3,7.142869662128996e-15,112.97771412694598,-593.8670707,-249.5211473,-97.06679444
AAKTSE3,7.911723868212077e-15,161.74674667226788,-579.5363457,-273.2315258,207.10547377749018
AAKTSE3,8.680578074295157e-15,145.91355699536777,-574.4600652,-272.498369,229.3690551241072
AAKTSE3,9.449432280378238e-15,111.66592287402366,-610.108229,-198.4625859,176.41859606668402
AAKTSE3,3.11285912886033e-15,131.67495541934653,-546.0052818,-65.11791395,285.4936925648159
AAKTSE3,3.88171333494341e-15,148.34954352022444,-542.3178901,-102.3399087,284.86545572961506
AAKTSE3,4.650567541026491e-15,168.9930205099913,-568.6771651,-115.2446306,289.0687340459294
AAKTSE3,5.4194217471095715e-15,133.21427527753622,-583.105329,41.71387972575922,471.5789820592132
AAKTSE3,6.188275953192652e-15,125.85330782285811,-581.9668262,-25.0503372,393.47074522401203
AAKTSE3,6.957130159275733e-15,143.10678481262502,-579.5783234,-125.9412208,465.9402862
AAKTSE3,6.205570077578243e-16,134.34803958016988,-581.9498206,-156.1176599,376.8176048869432
AAKTSE3,1.389411213840905e-15,76.9248499,-595.9835401,-62.69854352,317.0360347184088
AAKTSE3,2.1582654199239857e-15,-84.39500644,-602.9961484,-15.72053822,237.40446454987435
AAKTSE3,2.9271196260070663e-15,-117.1715295,-586.1643123,-34.04697737,288.96511660356236
AAKTSE3,3.695973832090153e-15,-71.56805246,-629.9869206,-54.8923054,463.30576865725004
AAKTSE3,1.1570255395774236e-14,-8.631242138,-633.0473067,-49.18763344,480.9675318220488
AAKTSE3,5.233682244256327e-15,-26.06776515,-687.0876928,-36.52962814,234.43373943129257
AAKTSE3,6.002536450339408e-15,-46.31539927,-710.4247455,-35.8282895,239.6543914849799
AAKTSE3,6.771390656422489e-15,-97.4541445,-709.7017983,-3.889173094,218.19837687200126
AAKTSE3,7.540244862505571e-15,-53.4795564,-730.8832955,-5.858945573,241.7590289256891
AAKTSE3,8.30909906858865e-15,-49.38719052,-706.7647927,-78.52871805,165.73190320159915
AAKTSE3,9.07795327467173e-15,-56.01815798,-692.0862899,-113.5584905,87.72033303306473
AAKTSE3,9.846807480754811e-15,-134.2702365,-657.5977872,-180.888263,114.30098508675252
AAKTSE3,3.5102343292369028e-15,-179.9334262,-613.0692844,-188.4580355,152.62163714044033
AAKTSE3,4.2790885353199834e-15,-105.0432826,-599.9007816,-104.2655857,461.7156225274622
AAKTSE3,5.047942741403064e-15,-227.69425,-623.8400566,-114.1775804,390.82294124781606
AAKTSE3,5.816796947486145e-15,-318.260773,-598.4371093,-190.8251307,248.46803774594878
AAKTSE3,6.5856511535692254e-15,-369.2845688,-540.0590106,-224.6071254,207.46646757741365
AAKTSE3,3.8017916808518115e-15,-182.5471524,-560.7156593,-177.4268979,150.20711963110153
AAKTSE3,4.570645886934892e-15,40.23076905240788,-476.8360454,-54.02576127,270.10373128074934
AAKTSE3,5.339500093017973e-15,147.54757937550772,-402.1819871,118.22689049635346,281.4328681829221
AAKTSE3,2.555640620300559e-15,139.3510563652746,-414.0223732,140.3937846844472,279.68685356994285
AAKTSE3,6.877208505184147e-15,136.2712000217085,-430.5372037,-18.33821002,125.80528340140867
AAKTSE3,7.646062711267227e-15,125.64356590036442,-464.2764787,-12.24687138,298.4970465662075
AAKTSE3,4.8622032385498135e-15,113.95370955679729,-472.0857537,49.44446724872762,319.46880973100633
AAKTSE3,5.631057444632894e-15,83.34274210212017,-481.0461398,39.21469477015443,138.06168400691638
AAKTSE3,6.399911650715975e-15,79.38844131410907,-522.8887481,64.17047784713722,253.26011383838195
AAKTSE3,3.616052177998561e-15,34.007473859432295,-525.5780231,164.33514981300797,454.09076589206984
AAKTSE3,4.384906384081642e-15,26.055395293642853,-488.7817425,173.6631551122118,483.9136401679797
AAKTSE3,5.153760590164722e-15,284.88220561674274,-582.4143509,106.3556048558616,359.85206999944546
AAKTSE3,2.3699011174473083e-15,104.42234927317662,-432.774737,-34.22861207,317.05383316424485
AAKTSE3,3.138755323530389e-15,-130.4741737,-430.8962342,-14.7839401,326.93337410682113
AAKTSE3,3.9076095296134705e-15,-127.3962523,-425.4366203,-38.2559348,491.7318039382868
AAKTSE3,4.67646373569655e-15,-30.17721976,-414.9692286,-30.52904061,903.8224559919745
AAKTSE3,5.4453179417796366e-15,55.2229239,-412.6085036,-152.1488131,806.8619969345515
AAKTSE3,6.214172147862718e-15,14.316400888678096,-435.3411119,-150.48303,670.7659823215723
AAKTSE3,6.983026353945799e-15,17.764322322888997,-447.3626091,-57.74502472,701.3144121530379
AAKTSE3,4.199166881228385e-15,33.66224376,-455.4552174,147.5807583606089,994.3650642
AAKTSE3,4.9680210873114654e-15,38.42349852464508,-416.1667146,110.87765254870268,842.5179384826358
AAKTSE3,5.736875293394546e-15,76.42141995885666,-389.2182119,82.52232451457391,990.0208127585456
AAKTSE3,2.9530158206771317e-15,-31.80288083,-346.2052646,-21.33300352,746.7970203677892
AAKTSE3,3.721870026760216e-15,-115.7794038,-336.7612063,60.97833511298307,850.5298946436993
AAKTSE3,4.490724232843297e-15,-155.7348157,-319.0627035,147.89856263440987,806.7005466973872
AAKTSE3,1.7068647601258829e-15,-213.9424499,-292.2642007,162.46323460028066,628.3923098621858
AAKTSE3,2.4757189662089634e-15,-256.3278618,-299.9556979,248.35790656615245,569.5507396936517
AAKTSE3,6.797286851092545e-15,-56.85549588,-359.3671951,204.2392451986902,658.5325028584505
AAKTSE3,4.013427378375128e-15,332.3446477761139,-515.9886923,160.86280605345002,654.2653771343604
AAKTSE3,3.0059247450579612e-15,244.44812476588075,-414.5390784,33.65970024154379,590.3938069658261
AAKTSE3,5.5511357905412916e-15,-39.42950936,-424.503909,-21.26785001,619.1633479
AAKTSE3,4.543633157224126e-15,-286.1815879,-406.453184,36.86015528439741,780.8451110732018
AAKTSE3,3.5361305239069626e-15,-470.4469998,-412.6857923,-26.24072831,774.2046520157786
AAKTSE3,4.304984729990043e-15,-489.0946339,-502.7761784,-51.21938967,528.1664151805774
AAKTSE3,3.2974820966728767e-15,-400.5733792,-517.7998978,-123.2802733,509.2304005675983
AAKTSE3,5.8426931421562074e-15,-455.11768,-518.6691728,-104.8089346,588.0677192879531
AAKTSE3,4.835190508839041e-15,-425.2186474,-573.5317811,-176.7020404,566.0917046749739
AAKTSE3,3.827687875521874e-15,-352.3740593,-629.6343895,-167.7284796,581.8590233953287
AAKTSE3,4.596542081604955e-15,-366.7305823,-638.9214422,13.267303489940483,767.6685643379054
AAKTSE3,3.589039448287788e-15,-359.473772,-681.8751617,-57.21802454,790.7403275027044
AAKTSE3,2.5815368149706216e-15,-437.3847395,-728.0455478,-153.5066859,765.8609795563922
AAKTSE3,5.126747860453953e-15,-475.086818,-714.6781561,-246.4575695,687.8338538
AAKTSE3,4.119245227136788e-15,-422.953341,-705.8196533,-202.0684531,615.7645058859898
AAKTSE3,4.8880994332198675e-15,-365.229864,-721.5311505,-75.64711446,694.6829357174556
AAKTSE3,3.880596799902702e-15,-332.8419426,-678.8748699,-50.57910916,818.7302544378105
AAKTSE3,4.6494510059857855e-15,-230.8240212,-788.7941449,-129.6366594,584.6742398248313
AAKTSE3,3.641948372668619e-15,-6.150544186,-556.364531,-167.5019874,550.0548919
AAKTSE3,3.522624159051576e-15,-6.395956085,-401.5571394,-144.0062044,461.45554393220687
AAKTSE3,4.291478365134658e-15,-65.85136798,-355.6953032,-196.9004213,369.5473070970067
AAKTSE3,4.172154151517615e-15,-8.649002105,-353.0945782,-99.54352711,437.7668480395825
AAKTSE3,3.1646515182004485e-15,-27.51552512,-368.3094088,-60.74996625,395.03638898215934
AAKTSE3,3.9335057242835316e-15,-229.2920481,-399.2731282,-101.0141832,379.2981521469581
AAKTSE3,3.8141815106664886e-15,-101.4356418,-403.5744234,-39.51506677,449.13991531175697
AAKTSE3,3.694857297049447e-15,20.027128075841397,-374.6505671,-38.82150591,423.6394562543337
AAKTSE3,4.019622293282467e-15,60.49838284338612,-388.7076198,-1.504611723,473.42010830802155
AAKTSE3,3.4562088698153628e-15,48.41185983,-410.689117,45.40450468752933,539.2863159172654
AAKTSE3,3.558929261123352e-15,67.87644793403149,-444.1072809,-21.59971224,578.4091901931752
AAKTSE3,3.66164965243134e-15,110.13881381268675,-473.0965559,-6.847262492,874.6665089
AAKTSE3,3.653347741276814e-15,180.39229080245366,-478.5436087,-331.0737016,926.9127165227728
AAKTSE3,3.589534678891029e-15,219.21799001444256,-445.316217,-399.372363,839.6800352431277
AAKTSE3,3.608988343352132e-15,232.11924478198745,-425.4666031,-422.3632466,846.7940206301486
AAKTSE3,3.628442007813234e-15,233.35605510508734,-521.4125448,-214.9230191,742.1946726838363
AAKTSE3,3.509117794196192e-15,221.4239765392992,-507.0395975,-78.32279155,820.1153247375241
AAKTSE3,3.3897935805791493e-15,210.50523130684408,-524.3722058,-62.45256403,739.1415323467679
AAKTSE3,3.714558576812169e-15,113.57204162994402,-554.2548142,-132.4823365,609.5466288448997
AAKTSE3,3.595234363195127e-15,-81.23337027,-498.7818669,-177.272109,528.3117253430322
AAKTSE3,3.475910149578085e-15,75.09010672058879,-529.6355864,-168.867437,468.90015517449734
AAKTSE3,3.3565859359610427e-15,107.79469482146668,-353.6226391,-83.78276506,436.2585850059632
AAKTSE3,3.681350932194063e-15,20.467060700122563,-334.5085808,-104.7314264,641.0192371
AAKTSE3,3.56202671857702e-15,-138.3294623,-248.0345224,-54.03675446,806.4176668911168
AAKTSE3,3.4427025049599788e-15,-157.6259853,-256.7615752,-179.2443047,718.7083189448045
AAKTSE3,3.323378291342936e-15,-208.4125083,-292.0830724,-258.5107439,635.5211932207145
AAKTSE3,3.204054077725893e-15,-169.8693091,-381.3256807,-158.0105163,831.8618452744024
AAKTSE3,3.972908283808977e-15,-58.76555435,-470.4849557,-201.6747333,700.8658306614234
AAKTSE3,2.9654056504918104e-15,6.6379226387239205,-506.2475641,-100.4600613,526.8331494
AAKTSE3,2.846081436874767e-15,6.463899628490823,-520.9462835,-186.8276116,711.7793569910211
AAKTSE3,3.614935642957849e-15,-48.55239611,-446.1583363,-50.39182847,874.4444534891536
AAKTSE3,2.6074330096406826e-15,126.05279805246859,-319.6865001,40.889510158918846,807.1462166539525
AAKTSE3,3.376287215723765e-15,172.82405282001358,-373.6713307,94.17084879145663,849.2457575965293
AAKTSE3,2.3687845824065986e-15,307.82530758755837,-286.3250501,71.87552075732795,802.9052985
AAKTSE3,3.137638788489682e-15,523.1054512439922,53.39900823401925,203.2013038343102,673.8470617039048
AAKTSE3,3.906492994572763e-15,360.6622615670922,265.95195546725705,263.06264246684776,448.7888248687037
AAKTSE3,2.898990361255596e-15,335.20796077908096,269.42045825605044,385.9395366549418,222.51392136683603
AAKTSE3,3.667844567338677e-15,625.1592155466259,84.18896104484392,519.6608752874796,537.9012400871904
AAKTSE3,2.66034193402151e-15,642.0771369808368,-200.9836473,465.94221392001737,818.2618921408781
AAKTSE3,1.6528393007043437e-15,522.5461695261597,-295.2040334,480.27244144144413,795.370322
AAKTSE3,4.198050346187678e-15,479.9785354048156,-332.4388639,385.9560023,904.6265295815867
AAKTSE3,3.1905477128705108e-15,417.04534572791545,-369.8314722,374.38289648429776,715.6216260797196
AAKTSE3,2.1830450795533445e-15,271.70104493990516,-298.0840806,319.57312400572454,558.5978336889626
AAKTSE3,2.9518992856364252e-15,161.0134108185603,-447.2733556,267.98981617361636,561.4574756416401
AAKTSE3,1.9443966523192586e-15,87.30799891943818,-537.9281861,331.9646901596891,924.4102489074501
AAKTSE3,4.4896076978025905e-15,-37.00185742,-459.9996833,63.09380657000494,932.2142342944709
AAKTSE3,3.482105064485423e-15,0.7338417878609746,-328.6667361,101.14403409143172,1040.9748863481586
AAKTSE3,6.98245591768006e-16,107.32398544429488,-339.5860111,-51.07018283,829.0055384018465
AAKTSE3,5.0198134766515876e-15,79.01412910072877,-312.5797305,-32.52551087,570.3550793444232
AAKTSE3,5.788667682734668e-15,85.79093942382866,-289.0612277,-86.38528334,524.6468425092221
AAKTSE3,3.0048082100172547e-15,94.71774974692853,-309.2782805,-108.0083892,613.3863834517988
AAKTSE3,3.773662416100338e-15,46.92789340336242,-298.2119999,-56.2048283,699.2114799499311
AAKTSE3,4.542516622183419e-15,79.59803705979603,-298.5001638,-30.87126745,827.0687986702856
AAKTSE3,1.7586571494660049e-15,58.90706960511842,-305.6361054,124.49562674141927,987.9294507239733
AAKTSE3,2.5275113555490855e-15,12.187213261552081,-345.6964915,-44.30414574,766.4101027776612
AAKTSE3,3.2963655616321666e-15,67.45735691798598,-357.9868776,-7.231695994,835.7840881646821
AAKTSE3,5.125060889147524e-16,106.8719450188639,-274.8961526,144.25630930569963,948.0325179961479
AAKTSE3,1.281360294997833e-15,86.18875534196378,-265.7009832,176.70653682712646,975.2520589387246
AAKTSE3,2.0502145010809136e-15,100.99223233173068,-253.5169248,33.40676434855322,804.6227109924125
AAKTSE3,2.819068707164001e-15,317.0223759881646,-248.3317554,-29.75523035,755.5055852683224
AAKTSE3,3.587922913247081e-15,85.12938833146643,-69.01183845,-3.822780609,679.7540150997881
AAKTSE3,4.356777119330162e-15,-159.4517811,637.3985835314418,45.233002468389195,530.9302227090319
AAKTSE3,1.572917646612748e-15,-117.1538597,660.8615307646793,-2.452325566,126.42531920716375
AAKTSE3,2.341771852695829e-15,-74.3981605,662.6100335534727,38.28790196,-191.1995843
AAKTSE3,3.1106260587789093e-15,-55.13690573,754.1496475,78.70479614378065,-130.8333767
AAKTSE3,3.87948026486199e-15,-85.26453985,876.4225946866155,2.9794681096517834,-254.9205024
AAKTSE3,1.095620792144576e-15,-138.7177295,714.8899863642973,-86.75141548,-464.9920726
AAKTSE3,1.8644749982276567e-15,-163.5664748,870.0740447086463,-143.501188,-483.1647539
AAKTSE3,2.6333292043107437e-15,-106.7485533,1003.0258808307738,-146.6509604,-511.9585462
AAKTSE3,-1.51E-16,-118.4095208,974.2910502862331,-164.6751774,-550.485672
AAKTSE3,6.183239376764104e-16,-99.87048824,1112.0251086305825,-174.7605054,-556.6994644
AAKTSE3,4.939891822559992e-15,-273.1725668,853.5980558638199,-154.5625001,-616.5188123
AAKTSE3,2.156032349842578e-15,-257.3035343,726.9476697637243,-107.1233837,-681.9503825
AAKTSE3,2.9248865559256588e-15,-200.5911684,805.2828392191846,-121.3764895,-699.915286
AAKTSE3,3.6937407620087394e-15,-3.622135832,1009.2335642302003,-324.9240398,-705.1124117
AAKTSE3,9.098812892913257e-16,7.231341157767705,974.1431781301046,-454.6893678,-710.0562041
AAKTSE3,1.6787354953744062e-15,-97.00184852,1045.190569807787,-451.8980292,-701.425552
AAKTSE3,2.447589701457487e-15,-199.2550382,1101.8812948188024,-314.8889127,-646.9449
AAKTSE3,3.216443907540574e-15,-267.7982279,1137.777575385374,-289.6886852,-701.0242479
AAKTSE3,3.9852981136236545e-15,-307.4947509,970.9560781741673,-174.5806799,-779.4358181
AAKTSE3,4.754152319706735e-15,-165.5579406,1104.2634698518495,-124.8582302,-792.2762772
AAKTSE3,5.523006525789816e-15,-57.41224135,1136.013083751754,-118.3880027,-776.8122918
AAKTSE3,6.291860731872897e-15,-84.71765325,913.3382532072142,-135.4822196,-751.4938619
AAKTSE3,-4.47E-17,-84.3286207,956.2223115515629,-65.3464365,-730.4065432
AAKTSE3,7.241417864380686e-16,-3.024032601,996.0263698959121,-75.11732009,-715.4203356
AAKTSE3,1.4929959925211493e-15,-38.28388894,1017.8370949069277,-113.8682037,-743.1230169
AAKTSE3,2.2618501986042304e-15,31.182921378537106,1149.5855976957212,-136.7535317,-751.2879204
AAKTSE3,3.0307044046873106e-15,-200.636935,1002.5841004845146,-178.0766375,-754.8183795
AAKTSE3,3.799558610770398e-15,-145.7079024,1141.5959366066409,-222.96641,-755.1777274
AAKTSE3,4.568412816853478e-15,-172.549981,1130.2066616176573,-299.6406269,-740.0970753
AAKTSE3,-1.77E-15,-172.626504,1159.0396088508949,-297.0770661,-732.1819788
AAKTSE3,-9.99E-16,-151.2263603,1034.7725560841327,-333.6290608,-745.1857712
AAKTSE3,-2.30E-16,115.96044998380498,1148.5610588729267,-299.2654999,-895.0862303
AAKTSE3,5.384022835848119e-16,202.1972603069049,1001.264006106164,-189.080828,-964.6166894
AAKTSE3,1.3072564896678924e-15,156.09962618556077,916.7113977838462,-156.3306004,-909.6082595
AAKTSE3,2.076110695750973e-15,71.89976984199453,1008.0421227948619,-156.0148174,-897.653163
AAKTSE3,-4.26E-15,-41.21453095,1070.2484033614332,-133.2168121,-895.4891776
AAKTSE3,-3.49E-15,-102.0521651,967.2091283724486,-130.9143623,-896.8918589
AAKTSE3,-2.72E-15,-122.0553547,850.7854089390202,-130.5830237,-895.5212069
AAKTSE3,5.151527520083309e-15,-32.91521109,799.3461339500356,-188.7227962,-880.6205548
AAKTSE3,5.920381726166389e-15,55.87826590194009,782.3301922943849,-209.7536798,-875.9199028
AAKTSE3,6.6892359322494705e-15,62.47174289170702,750.0931395276224,-195.0278967,-874.812584
AAKTSE3,3.526627807315612e-16,56.83633099258489,728.9449756497487,-163.0421136,-918.4385986
AAKTSE3,1.121516986814642e-15,35.46203020457376,872.3279228829872,-152.220775,-941.2401688
AAKTSE3,1.8903711928977225e-15,18.03550719,1027.0930923384467,-134.6149919,-837.8372945
AAKTSE3,2.6592253989808032e-15,-81.29212693,947.8171507,-43.97254214,-690.3866425
AAKTSE3,3.428079605063884e-15,-51.37087216,1044.3356534715895,-51.32120351,-630.4848793
AAKTSE3,4.196933811146965e-15,-127.2073952,1125.0141562603828,-76.92653155,-626.4753384
AAKTSE3,4.965788017230045e-15,-136.7150293,1063.6726590491762,-106.526304,-634.9046863
AAKTSE3,-1.37E-15,-226.5293301,824.6933840601918,64.70836794131964,-627.3140343
AAKTSE3,-6.02E-16,-372.3669642,736.3496646267631,69.95859546,-635.1633822
AAKTSE3,1.6692327787829799e-16,-336.7901539,641.8870563044454,-1.830065905,-691.7905079
AAKTSE3,9.357774839613789e-16,-278.8400102,674.7966702,-23.89094949,-747.4120781
AAKTSE3,1.7046316900444596e-15,-210.2965332,669.8551729931432,-60.78072197,-760.3514261
AAKTSE3,2.47348589612754e-15,-188.2730562,745.9636757819367,-62.5549389,-769.210774
AAKTSE3,-3.86E-15,-138.8118015,847.3766230151746,-51.71360026,-761.4990108
AAKTSE3,-3.09E-15,-129.1961023,650.7406813595236,82.40107170241815,-654.1472477
AAKTSE3,-2.33E-15,-98.65262527,621.9291841,60.971299223844944,-630.6243734
AAKTSE3,-1.56E-15,-100.5035927,565.6954647148882,55.73597118971675,-652.1081658
AAKTSE3,-7.88E-16,-31.73567129,747.9361897259038,38.22619871114354,-667.1475137
AAKTSE3,-1.88E-17,16.157805697277926,787.0046925146972,33.90087067701432,-630.1968617
AAKTSE3,7.85546533870913e-15,119.52572713148894,817.6609730812686,54.492209309552116,-593.2184318
AAKTSE3,1.5188921871912088e-15,139.58031523236772,684.6466476,35.98688128,-571.9255576
AAKTSE3,2.28774639327429e-15,117.35379222213359,824.2935342144104,32.35044213018369,-551.8926833
AAKTSE3,3.0566005993573828e-15,-105.8182863,746.9020370032039,63.49844743,-639.3242535
AAKTSE3,3.8254548054404634e-15,-226.1648094,665.6172064586642,95.91089717303628,-671.9147125
AAKTSE3,4.594309011523544e-15,-305.6335546,737.7612648030138,105.75223580557505,-687.3729494
AAKTSE3,5.363163217606625e-15,-275.6978554,886.924212,95.57579666033487,-690.3656306
AAKTSE3,-9.73E-16,-376.1499339,837.9627148250446,18.322690848428657,-700.5716452
AAKTSE3,-2.05E-16,-378.4820125,747.6834398360602,4.202918369855455,-696.4509932
AAKTSE3,5.642984782548777e-16,-252.6574244,738.3408315137424,-72.47796522,-700.2870078
AAKTSE3,1.3331526843379582e-15,-47.54394742,898.7582231914248,-70.38440437,-738.0552446
AAKTSE3,2.102006890421039e-15,-11.87713709,827.2567259802182,-31.76639907,-759.7734815
AAKTSE3,2.8708610965041196e-15,-91.18032677,725.3718954356783,-10.38617154,-847.378385
AAKTSE3,-3.47E-15,-132.4057387,748.5892871133605,-73.44594402,-884.3377329
AAKTSE3,-2.70E-15,73.95440498822529,854.4933454577094,-131.9879387,-852.4595051
AAKTSE3,-1.93E-15,113.48343753354817,908.8207371353918,-122.3277112,-849.828651
AAKTSE3,-1.16E-15,146.69024785664809,944.6892399241854,32.46473854126976,-816.7957768
AAKTSE3,-3.90E-16,162.43039151308201,1161.1777427129787,63.746077173807606,-770.4673469
AAKTSE3,3.7855897540161443e-16,-23.98168705,945.1551343906609,49.942971361901385,-751.2855838
AAKTSE3,1.147413181484695e-15,-98.1615434,904.5947482905656,74.60542110555018,-739.6038206
AAKTSE3,-5.19E-15,-56.55251085,942.7832510793589,34.255648626976935,-751.5631686
AAKTSE3,2.685121593650869e-15,14.644299472149545,931.0217538681524,-1.384123852,-754.9525165
AAKTSE3,3.453975799733937e-15,131.1633320174724,1033.0847011013907,69.13610366983055,-786.3918644
AAKTSE3,-9.99E-15,130.79347567390533,994.6209816679611,97.02855341347933,-857.3712124
AAKTSE3,-9.22E-15,119.8269526636722,924.8650400123106,56.28544760157313,-957.657227
AAKTSE3,-8.45E-15,164.2782074312171,960.3157650233259,18.78123067855492,-915.3721305
AAKTSE3,-7.68E-15,198.09723997653998,912.1476011454524,7.970347088871021,-915.6737007
AAKTSE3,-6.91E-15,180.4551614107509,727.1227706009128,-117.7027587,-906.2686042
AAKTSE3,-6.14E-15,135.64863840051777,962.4312733897061,-265.4036423,-878.7990632
AAKTSE3,-5.37E-15,132.36544872361767,1188.3208872896107,-230.2423037,-812.8773001
AAKTSE3,-4.61E-15,71.59003682449595,1221.1727234117373,-166.6420762,-886.046648
AAKTSE3,-3.84E-15,-226.294264,987.8923373116414,-157.5807375,-987.6626626
AAKTSE3,-3.07E-15,-170.8674536,1191.895285,-128.2216211,-1062.005344
AAKTSE3,-2.30E-15,126.52713446046324,935.0637873336733,-160.9580603,-1104.76247
AAKTSE3,1.268022627273093e-14,170.18950033911912,758.0122901224668,-140.1144994,-1011.845151
AAKTSE3,1.3449080478814011e-14,136.4351996,618.2952373557041,123.15461700393485,-1105.40561
AAKTSE3,7.07996969511326e-18,284.8564543186529,496.5992957000536,462.4348445253617,-972.7005135
AAKTSE3,7.759341757781939e-16,390.86215353064176,387.2177985,214.9395164912324,-971.3320836
AAKTSE3,1.5447883818612746e-15,490.88896385374267,427.8174123887514,165.07974401265923,-966.8169871
AAKTSE3,2.3136425879443553e-15,644.8835519546205,495.4481373997668,46.16997153408598,-869.7307795
AAKTSE3,3.082496794027436e-15,401.0048067221645,593.8710846330052,-77.93091206,-267.7312386
AAKTSE3,3.851351000110529e-15,-100.8439385,515.1806985329097,-130.4695734,-341.4894754
AAKTSE3,4.620205206193611e-15,-173.8593504,549.9058679883696,-31.00490146,-584.1032678
AAKTSE3,5.3890594122766906e-15,-205.541429,529.1310374438305,-51.7813406,-481.0970602
AAKTSE3,6.157913618359771e-15,-179.7068409,497.06065134373387,-27.73777975,-572.635297
AAKTSE3,6.926767824442852e-15,-143.2697528,506.1258207991943,-76.81421889,-820.7602005
AAKTSE3,7.695622030525933e-15,-116.1421091,446.53432358798773,-2.460658038,-806.5362152
AAKTSE3,8.464476236609013e-15,-163.3630766,461.54282637678114,25.251791705500352,-784.2366742
AAKTSE3,9.233330442692094e-15,-155.0929329,481.1346624989075,-86.63686966,-773.554911
AAKTSE3,-4.21E-15,-143.0583448,480.669832,-455.3577533,-784.434259
AAKTSE3,-3.44E-15,-84.19375671,403.26833474316135,-504.0775257,-827.6091625
AAKTSE3,-2.67E-15,-54.16583528,515.5690597541767,-524.5572982,-828.7129549
AAKTSE3,-1.90E-15,43.44208615492319,655.4253403207481,-385.0470707,-800.9845251
AAKTSE3,-1.13E-15,-75.72777019,633.9449542206526,-237.2868432,-824.6249841
AAKTSE3,-3.64E-16,-77.46651542,591.333457,-153.5466156,-863.0509987
AAKTSE3,4.044551700716802e-16,-59.50748288,555.0208486871284,-47.94861035,-870.0281245
AAKTSE3,1.1733093761547609e-15,-107.8940059,542.1293514759218,29.603839398341474,-856.1896946
AAKTSE3,1.9421635822378415e-15,-110.11164,651.6711875980485,48.40517803087927,-851.9912648
AAKTSE3,2.7110177883209226e-15,-78.69705191,926.1263570535086,42.56429444119507,-842.4083905
AAKTSE3,3.479871994404003e-15,-59.53246381,895.3159709534131,1.1267441848440232,-852.5099607
AAKTSE3,4.2487262004870836e-15,-0.670097927,853.1533626310954,16.64474948404865,-892.6470864
AAKTSE3,-9.19E-15,18.354490173936217,982.9118654198887,-27.28502299,-859.5564344
AAKTSE3,-8.42E-15,-18.55536617,973.6603682086823,9.519648971346536,-828.0435601
AAKTSE3,-7.66E-15,-136.8541114,943.2399821085868,53.10987649277302,-771.9351302
AAKTSE3,-6.89E-15,-136.56619,912.2573737862692,124.51565956975584,-629.0444782
AAKTSE3,-6.12E-15,-120.472713,1075.3158765750625,150.58922042451562,-638.4038261
AAKTSE3,-5.35E-15,-93.76479154,1159.0032682527449,134.0361146126094,-680.7365074
AAKTSE3,-4.58E-15,-75.30353678,1178.9928821526494,30.494321932016177,-749.2554513
AAKTSE3,-3.81E-15,-32.25561534,1174.0458293858867,109.16545854435198,-775.77187
AAKTSE3,-3.04E-15,-46.99769391,999.5021099524585,137.67790828800076,-832.8378846
AAKTSE3,-2.27E-15,-152.135328,789.2783905190297,112.94591358720558,-852.8938992
AAKTSE3,-1.50E-15,-82.8374066,740.4080044,113.75725221974335,-842.9999138
AAKTSE3,-7.36E-16,100.26384817248322,980.6087294299494,78.88747974117014,-826.1692618
AAKTSE3,3.297616436515383e-17,58.57732516224992,907.9772322187432,63.28326281815294,-789.9363875
AAKTSE3,-1.34E-14,60.92524659646079,857.78129056309206,26.91126811735673,-838.9535132
AAKTSE3,-1.26E-14,66.83094580845065,872.8186822407747,26.217051194339536,-845.5328612
AAKTSE3,-1.19E-14,28.935533909328555,837.3094073,44.91838983,-854.0166535
AAKTSE3,-1.11E-14,16.323455343539504,898.0145767072502,51.94861734830412,-892.8705469
AAKTSE3,-1.03E-14,176.30248788886237,1007.469746,22.397733758619875,-906.5197939
AAKTSE3,4.646101400863663e-15,87.34040932307367,793.6249156181703,-74.26092761,-899.5146974
AAKTSE3,5.414955606946744e-15,138.19721964617412,937.8045295180748,-99.14070009,-865.9740453
AAKTSE3,6.183809813029825e-15,88.67736330260743,933.8952545290902,-94.25713923,-865.3833933
AAKTSE3,6.952664019112905e-15,-7.838048597,851.6982017623286,-127.770245,-915.4716301
AAKTSE3,7.721518225195986e-15,-157.7601272,696.3789268,-235.1700175,-908.4609781
AAKTSE3,8.490372431279066e-15,-92.11665017,677.8729851176934,-294.3320122,-857.5314371
AAKTSE3,9.259226637362147e-15,116.51904903945264,940.5548212398197,-290.1173403,-763.779674
AAKTSE3,1.0028080843445228e-14,-104.9708073,746.1422129175023,-67.54317334,-746.5523552
AAKTSE3,-3.41E-15,-205.6617748,827.9829379285177,-44.25466299,-753.1505921
AAKTSE3,-2.65E-15,-150.6654695,975.3868953,-57.91332436,-842.01994
AAKTSE3,-1.88E-15,-220.7248208,919.4266102,-140.0308746,-893.599288
AAKTSE3,-1.11E-15,-160.9580105,839.2584462948979,-164.1084249,-1040.910858
AAKTSE3,-3.39E-16,-62.44231124,1031.2325046392464,19.417358203835203,-942.7779839
AAKTSE3,4.3035136474173343e-16,-17.86883425,1036.3554518724848,-117.9735254,-929.3939985
AAKTSE3,1.199205570824814e-15,-83.64535726,924.8539546612781,-86.75774231,-969.7055686
AAKTSE3,1.9680597769078947e-15,-93.94299139,946.7246796722934,40.30248521255957,-835.1949166
AAKTSE3,2.7369139829909754e-15,-83.87840329,1060.294293572198,-103.5606206,-737.7964867
AAKTSE3,3.505768189074056e-15,-31.4349263,1100.0383519165473,-293.0059486,-743.2647236
AAKTSE3,4.274622395157137e-15,74.48855069443327,1023.0679658164518,-203.4068322,-752.4329604
AAKTSE3,5.0434766012402174e-15,60.34202768419976,823.7920241608003,-167.8432714,-799.928975
AAKTSE3,5.812330807323298e-15,-24.26338421,615.5983047,-333.8863772,-935.3016563
AAKTSE3,-7.63E-15,-75.92101834,606.0334742,-414.7861497,-806.1210043
AAKTSE3,-6.86E-15,70.70801420905609,609.9186436382921,-198.4759221,-483.4603522
AAKTSE3,-6.09E-15,91.53149119882337,401.8904797604189,-194.1356946,-352.6197001
AAKTSE3,-5.32E-15,49.95941263303465,167.86898254921226,-293.4854671,-241.7490481
AAKTSE3,-4.55E-15,-14.49711038,-30.04473688,-381.3885729,-63.55617382
AAKTSE3,-3.79E-15,-22.71363339,-80.87290076,-322.4050121,130.0633671230768
AAKTSE3,-3.02E-15,-40.2001564,-85.03550908,-252.4370068,24.49624139898665
AAKTSE3,-2.25E-15,-44.07667941,-158.9392285,-173.834557,-241.8164399
AAKTSE3,-1.48E-15,-51.60875797,-192.6296146,-222.1221073,-290.8602323
AAKTSE3,-7.10E-16,-70.6424527,-247.7236371,-283.304102,-277.7096812
AAKTSE3,5.887235903523226e-17,-69.01958177,-250.5803868,-129.8216522,-128.2311504
AAKTSE3,8.277265651183129e-16,-72.74277145,-258.791884,-17.20586915,203.0106127785368
AAKTSE3,1.5965807712013936e-15,-37.16929446,-246.7400479,-138.0334194,66.80237594
AAKTSE3,-1.18E-14,11.894182530703556,-216.9259896,-167.6254141,-40.69919423
AAKTSE3,-1.11E-14,35.91765952047045,-241.7774868,-238.7118532,-62.6718755
AAKTSE3,-1.03E-14,15.04113651023734,-240.098984,-34.6894035,262.533221
AAKTSE3,-9.54E-15,-4.6553865,-232.6893701,9.308601795059989,269.2438730469758
AAKTSE3,-8.77E-15,86.44920160088213,-159.947534,76.22771820537578,504.58008065621965
AAKTSE3,-8.00E-15,340.46156747953796,-111.7034756,-76.73872094,575.7518438210186
AAKTSE3,-7.23E-15,641.1683778026378,-99.82941727,-33.59182675,769.8313847635953
AAKTSE3,-6.46E-15,724.5112487317988,-126.8573791,76.15951188076714,720.4564812617282
AAKTSE3,-5.69E-15,757.2053317821727,-75.22463392,117.9086282910829,308.3926888709709
AAKTSE3,-4.93E-15,746.3188087719386,31.713868869620114,107.37774470139895,373.44111870243654
AAKTSE3,-4.16E-15,486.4889524283725,62.71903832508057,-62.09091667,568.5039929783466
AAKTSE3,1.0822831244198389e-14,326.97687386258343,-14.98579222,-255.5906891,516.3690894764788
AAKTSE3,-2.62E-15,369.80257307457316,-49.9339561,-145.3226838,400.5541859746112
AAKTSE3,-1.85E-15,285.27493895322874,-132.3276755,-134.0202341,348.3037269
AAKTSE3,-1.08E-15,86.67397149855101,-28.35917274,-154.3488955,425.21882341531983
AAKTSE3,-3.13E-16,71.788559599429135,49.03488560238086,-104.0920013,611.3916976912301
AAKTSE3,4.562475594118118e-16,93.22092547808481,-1.868833831,-103.9951071,553.0667941893624
AAKTSE3,1.2251017654948925e-15,98.25329135674073,-78.61144215,-136.3715462,658.4785573541612
AAKTSE3,1.9939559715779728e-15,168.21010167984164,-86.28960603,-33.03687427,516.6725427
AAKTSE3,2.762810177661054e-15,147.8502453362745,-105.6344366,56.56113102677766,745.0698614615369
AAKTSE3,3.5316643837441345e-15,15.533722326041385,-79.82593379,119.62802521487146,754.8960690707806
AAKTSE3,4.300518589827215e-15,-43.04724513,-71.96076433,169.63269718074224,869.2411655689126
AAKTSE3,5.069372795910296e-15,40.300676305575166,-152.5989282,206.33181359105805,606.1418176226005
AAKTSE3,5.838227001993377e-15,42.7141533,-211.565981,143.82648555692882,509.4280252318442
AAKTSE3,6.607081208076457e-15,45.37763028510895,-213.7419226,195.58368277532566,704.4273641542181
AAKTSE3,-6.83E-15,35.11888505265382,-242.5634198,175.4680517108944,715.4648848947749
AAKTSE3,-6.07E-15,70.65539235,-301.5654221,77.18050145454319,704.2555369484626
AAKTSE3,-5.30E-15,364.66695014329866,-208.6975254,-83.1670488,811.2450778910395
AAKTSE3,-4.53E-15,-36.65846176,-79.71791148,-149.1568213,693.2757299447273
AAKTSE3,-3.76E-15,-243.7449848,-156.1682976,-103.0665938,589.7563819984151
AAKTSE3,-2.99E-15,-199.2415078,-68.52757257,-16.53636624,420.0670340521029
AAKTSE3,-2.22E-15,-100.9180308,-131.5224031,-70.8450276,363.9154638835688
AAKTSE3,-1.45E-15,-36.1945538,-273.6394559,-78.42591119,399.4383381594786
AAKTSE3,-6.84E-16,-21.14107681,118.47460246732903,-71.15568367,428.49899021316634
AAKTSE3,8.476855370528545e-17,60.182400182777876,870.4531052561224,-3.156567263,-142.2614688
AAKTSE3,8.536227597883661e-16,50.32698828365577,871.2282747115819,60.92477136960632,-444.2852612
AAKTSE3,1.6224769658714468e-15,62.95602082897839,955.1434441670427,41.39388777992181,-548.9701647
AAKTSE3,2.391331171954528e-15,-84.93716885,618.4886136225027,52.99633752,-623.8350682
AAKTSE3,3.1601853780376077e-15,59.95630814184545,661.8271164112961,72.31100948944272,-686.0477495
AAKTSE3,3.929039584120689e-15,-25.82688154,728.0300636445339,93.62457034420243,-823.4293197
AAKTSE3,4.6978937902037695e-15,15.983262121379216,874.6941219888828,-113.0196466,-850.7664454
AAKTSE3,5.46674799628685e-15,94.16562800003511,1089.5115136665654,-192.2494191,-726.1902378
AAKTSE3,6.235602202369931e-15,-42.02867279,989.4077942331364,-16.78363598,-825.7251413
AAKTSE3,7.0044564084530115e-15,-96.98630691,1099.859630355263,52.56436931879866,-872.1778226
AAKTSE3,-2.06E-14,-66.65838548,1086.3881331440566,40.02126350689146,-797.4149483
AAKTSE3,-1.99E-14,-43.45713071,937.5777470439618,-13.54871099,-727.4245993
AAKTSE3,-1.91E-14,-18.87587594,1029.3640276105325,-8.869392561,-653.6925331
AAKTSE3,-1.83E-14,60.88760104974745,988.5236415104368,21.79750162672784,-628.031881
AAKTSE3,-1.76E-14,-137.998922,808.9921442992303,46.34772914815465,-641.361229
AAKTSE3,-1.68E-14,-268.495445,1112.2906470880237,34.38795666958141,-684.2605769
AAKTSE3,-1.60E-14,-195.5253013,982.9647054323731,-208.1795936,-736.1165915
AAKTSE3,-1.53E-14,-216.7873799,959.3865415544994,-297.5904772,-696.0048284
AAKTSE3,-1.45E-14,-279.835014,1026.1128221210708,-327.5069163,-694.6786208
AAKTSE3,-1.37E-14,-330.9904259,851.3235471320866,-194.3411332,-713.2379687
AAKTSE3,-1.30E-14,-313.9247267,623.5831610319907,-41.56201683,-722.63065
AAKTSE3,-1.22E-14,-444.8423608,489.95721937633925,-55.25734487,-709.4966646
AAKTSE3,-1.14E-14,-498.2533283,595.5668332762442,-78.62378401,-700.9871237
AAKTSE3,-1.07E-14,-376.4876291,824.1386693983709,-105.4223444,-703.9789969
AAKTSE3,-9.88E-15,-373.7841521,961.7571721871643,-118.2077734,-686.4813751
AAKTSE3,-9.12E-15,-410.7728973,780.7667860870689,-115.0353237,-679.6318342
AAKTSE3,-8.35E-15,-546.0938647,853.0441777647508,-113.1162073,-725.7178488
AAKTSE3,-7.58E-15,-455.7137211,760.4526805535446,-73.20597974,-817.5416412
AAKTSE3,-6.81E-15,-362.1102441,697.0011833,-40.34353,-813.7376558
AAKTSE3,-6.04E-15,-245.575656,755.4885750200203,-20.74219136,-804.7647815
AAKTSE3,-5.27E-15,-307.1044012,917.2481889199249,-8.275297176,-843.8574628
AAKTSE3,-4.50E-15,-336.6398131,970.2166917087183,-98.62840299,-857.0501441
AAKTSE3,-3.73E-15,-288.2163361,796.6651944975116,-241.4781755,-923.309492
AAKTSE3,-2.96E-15,-287.0450814,603.0036972863052,-266.7979479,-1049.01884
AAKTSE3,-2.20E-15,-178.0993822,936.5022000750986,-190.5077204,-1164.752632
AAKTSE3,-1.43E-15,-255.7692385,896.2562584194479,-28.5374929,-1083.727536
AAKTSE3,-2.91E-14,-224.3724282,773.0692056526854,-47.07726538,-953.5268838
AAKTSE3,-2.83E-14,-232.8811734,809.6699306637008,-146.0370379,-902.9317873
AAKTSE3,-2.75E-14,-211.9554742,757.0262112302721,-120.7068103,-834.5055797
AAKTSE3,-2.68E-14,-227.7519972,449.4013806857323,-48.60991615,-768.8427054
AAKTSE3,-2.60E-14,-234.4618536,308.09321680785894,59.36920026080722,-708.2564978
AAKTSE3,-2.52E-14,-190.8183766,801.2894973744304,46.96609445,-218.7502902
AAKTSE3,-2.45E-14,-211.0115662,887.6813334965569,-14.60862752,260.01430124901555
AAKTSE3,-2.37E-14,-90.9225337,941.8742807297948,142.88543838064263,258.7976805754304
AAKTSE3,5.492644190956954e-15,107.05316551029912,958.4761168519217,182.83566590206937,-137.4027785
AAKTSE3,6.261498397040009e-15,-41.90891306,773.1901751962703,21.68922675682917,-269.4365709
AAKTSE3,7.030352603123115e-15,-120.5476583,602.1442335406196,-137.5549902,-385.9692522
AAKTSE4,9.69143031273446e-15,330.9078717291227,94.25459373009225,128.6812272348583,-15.60377083
AAKTSE4,1.046028451881754e-14,360.16912649666756,-26.65690348,-51.13854524,-6.933118778
AAKTSE4,1.1229138724900622e-14,364.5148257086565,-190.4584007,-135.9560955,-63.45802228
AAKTSE4,1.1997992930983704e-14,310.5283026984233,-290.0998979,-105.1880902,-121.4018147
AAKTSE4,1.2766847137066783e-14,217.64400191041244,-268.060284,144.88324843167646,227.4010596050305
AAKTSE4,1.3535701343149864e-14,165.32414556684637,-329.3328923,123.38569817532515,381.49948943649616
AAKTSE4,1.4304555549232945e-14,142.92317811216802,-391.7121673,3.607036808,244.16105058109292
AAKTSE4,1.5073409755316022e-14,70.95221065749095,-451.5958867,96.49059766262384,220.51079354387173
AAKTSE4,1.5842263961399106e-14,82.03790986947992,-475.4762728,226.39082518405064,557.0803344864486
AAKTSE4,1.6611118167482187e-14,112.63916463702475,-440.4588812,223.09327492769944,491.57209765124736
AAKTSE4,1.7379972373565267e-14,128.62708607123562,-383.3292673,106.34350244912619,203.60608303826848
AAKTSE4,1.8148826579648348e-14,110.8494519498915,-307.1152089,30.838174414996992,97.44562398084503
AAKTSE4,1.8917680785731432e-14,107.7751511618814,-274.6500395,79.69173527,38.59960936786676
AAKTSE4,1.9686534991814513e-14,102.69307259609228,-319.50487,17.36974056896173,59.11803919933192
AAKTSE4,2.0455389197897593e-14,94.56654958585918,-326.4408117,-176.181244,138.6130346873638
AAKTSE4,-7.20E-15,93.12113768673704,-351.1600867,-281.0486933,130.37378775115116
AAKTSE4,-6.43E-15,114.62572578761497,-361.342695,-134.8041223,387.40332869372884
AAKTSE4,-5.66E-15,129.02253611071586,-404.0330811,-95.3749049,441.95731408074994
AAKTSE4,-4.89E-15,77.12712421159377,-473.5923561,-106.5591218,431.95796613443775
AAKTSE4,-4.12E-15,104.52393453469362,-465.3738533,-100.2044499,572.4186181881255
AAKTSE4,-3.35E-15,102.20407819112752,-376.7586838,-189.5131112,554.4870480195914
AAKTSE4,-2.58E-15,103.22533295867143,-371.370181,-325.6939948,737.6599222955011
AAKTSE4,-1.82E-15,101.8043655039943,-378.8483449,-322.2237673,517.4105743
AAKTSE4,-1.05E-15,89.37784249376122,-372.1820643,-327.2913176,492.3178930695438
AAKTSE4,-2.78E-16,58.44131948,-363.4468949,-340.78109,511.8407673454536
AAKTSE4,4.910760344075205e-16,41.26479647329497,-382.1928366,-380.1830847,390.80253051025244
AAKTSE4,1.2599302404906012e-15,-122.4083932,-479.736556,-300.370635,533.1154047861623
AAKTSE4,2.028784446573682e-15,-260.6282495,-559.185831,-1.842629687,598.4138346
AAKTSE4,2.7976386526567625e-15,-314.8669948,-589.5617726,-8.53684661,438.0422644490937
AAKTSE4,3.566492858739843e-15,-195.1635178,-694.4477143,27.527825356235283,375.9051387250037
AAKTSE4,4.335347064822924e-15,-175.8344852,-761.8114337,-22.09305823,346.75245744535823
AAKTSE4,5.104201270906005e-15,-124.2554527,-766.4218198,5.108280399088848,549.3364428323794
AAKTSE4,2.0083910192191092e-14,-78.7508646,-721.103317,-43.25704764,420.2370948860672
AAKTSE4,2.0852764398274173e-14,-45.74405428,-720.2781476,-55.97682011,591.1577469397549
AAKTSE4,7.410763889155272e-15,-70.43724395,-703.1740892,82.77835690276295,545.5647626298069
AAKTSE4,8.179618095238352e-15,43.37734414874171,-693.2778087,318.02696826257403,699.2701621582416
AAKTSE4,8.948472301321433e-15,87.17415447184177,-697.7648614,404.6094180062228,645.0841475452628
AAKTSE4,9.717326507404514e-15,91.31874257271967,-725.4985809,364.99964552764965,531.3203551545063
AAKTSE4,1.0486180713487594e-14,90.44999734026459,-769.3923003,215.79542860463235,750.9787849859721
AAKTSE4,1.1255034919570675e-14,150.79125210780947,-820.958242,151.92010057050317,674.0716592618819
AAKTSE4,1.2023889125653756e-14,216.74695131979834,-644.8652947,237.78143920304097,519.6234224266809
AAKTSE4,1.2792743331736837e-14,101.05487275400925,-622.4012364,131.14055561335678,360.61296336925744
AAKTSE4,1.3561597537819916e-14,109.85834974377714,-750.017178,53.76189424589509,410.15361542294534
AAKTSE4,1.4330451743902998e-14,114.06404895576605,-828.676453,-26.22565601,464.4864896988562
AAKTSE4,1.5099305949986082e-14,102.67530372330995,-869.4201725,-128.9143174,387.5660306
AAKTSE4,1.5868160156069162e-14,104.23069990499683,-947.1173262,-136.0985343,428.3755715840088
AAKTSE4,1.663701436215224e-14,92.85559104,-995.244278,-35.96330678,705.9037236376965
AAKTSE4,3.195013853033342e-15,107.45351247038859,-990.7257752,45.55192074191755,773.6468756913845
AAKTSE4,3.963868059116423e-15,102.49476723793349,-989.812828,85.03659270778829,722.3597499672952
AAKTSE4,4.7327222651995034e-15,113.19824422770039,-1011.130992,107.64237578477113,572.1281797987601
AAKTSE4,5.501576471282584e-15,115.61172121746728,-1061.290267,59.57593663953091,491.77883185244787
AAKTSE4,6.270430677365665e-15,135.05297598501215,-1075.583986,52.761719716513696,664.6783727950248
AAKTSE4,7.039284883448746e-15,176.70867519700104,-947.2232613,53.423058349051466,668.7601359598236
AAKTSE4,7.808139089531826e-15,255.23659663121293,-839.0092029,35.59439698158927,608.9374546801783
AAKTSE4,8.576993295614907e-15,78.47229584320183,-653.1762557,31.132604300996036,536.3514400671992
AAKTSE4,9.345847501697987e-15,3.319106166301738,-640.9877529,125.58929646888788,555.2954254542204
AAKTSE4,1.0114701707781068e-14,9.247027601,-693.9748057,52.661746212536656,703.5682997301308
AAKTSE4,1.0883555913864147e-14,-8.375050965,-525.3429695,178.68086262285243,734.4167295615966
AAKTSE4,1.1652410119947231e-14,-38.62046286,-468.3322445,150.41442347761225,641.3540482819504
AAKTSE4,1.2421264326030312e-14,-29.09698587,-525.6670751,112.8379843,614.8047003356384
AAKTSE4,-1.02E-15,29.56649112,-543.6530167,214.0926562982438,864.0075746115481
AAKTSE4,-2.52E-16,63.919968104903056,-447.7867362,304.64510604189263,806.2560044430139
AAKTSE4,5.169722290775737e-16,206.4745562057809,-521.8815667,291.0197780077634,635.7966564967023
AAKTSE4,1.2858264351606544e-15,184.37692208443687,-535.6908417,190.29556108474623,605.8573085503896
AAKTSE4,2.054680641243735e-15,112.40039907420372,-450.5312278,153.14912193950627,702.5679606040774
AAKTSE4,2.8235348473268157e-15,121.84387606397064,-426.052725,196.8557130972968,583.5513399304922
AAKTSE4,3.5923890534098956e-15,127.71401972040354,-438.3675555,160.84291031569356,435.1492647
AAKTSE4,4.361243259493002e-15,99.85860782128141,-454.461275,15.135360059342268,441.62436120958483
AAKTSE4,5.130097465576083e-15,91.68430703,-480.0483277,-106.5133013,577.7905688188287
AAKTSE4,2.0109806386861167e-14,85.40111735637122,-496.5353805,-186.6097405,747.1056653169604
AAKTSE4,2.0878660592944248e-14,88.84348323502708,-534.2124333,-217.8228463,589.8818729262042
AAKTSE4,2.1647514799027332e-14,91.77473800257197,-556.4617083,-153.334841,698.5314138687811
AAKTSE4,8.205514289908406e-15,91.66821499233887,-605.7143166,-106.8723912,567.5931770335799
AAKTSE4,8.974368495991512e-15,96.65169198210577,-614.3347027,-116.8632748,538.0827179761566
AAKTSE4,9.743222702074592e-15,144.76516897187264,-621.437311,-9.630825068,777.0711478076225
AAKTSE4,1.0512076908157671e-14,86.94975707275063,-633.1932527,25.39162467520096,843.9817998613103
AAKTSE4,1.1280931114240754e-14,-70.59009927,-633.9691943,28.630741085516668,655.983563
AAKTSE4,1.2049785320323834e-14,-80.97551117,-640.4506915,-49.40125362,502.0664373
AAKTSE4,1.2818639526406917e-14,-139.1809231,-648.5021887,42.897862795036964,608.3993116
AAKTSE4,1.3587493732489996e-14,-171.4074461,-687.923686,201.78920142757488,760.2977414093946
AAKTSE4,1.4356347938573076e-14,-168.4039691,-723.0851832,233.9394289490017,780.8583934630825
AAKTSE4,1.5125202144656157e-14,-164.7927143,-680.2522359,122.59521202598435,592.5701566278813
AAKTSE4,1.5894056350739238e-14,-169.8136818,-663.8392887,79.06543954741072,537.8330309037913
AAKTSE4,1.6662910556822318e-14,-38.11353812,-650.2296748,55.472636765807316,545.2630768968727
AAKTSE4,1.7431764762905402e-14,120.09216109176359,-636.7345053,199.85256125693104,731.7921127889447
AAKTSE4,3.989764253786501e-15,60.91674919264176,-609.8026692,33.341677667246614,583.8816537315215
AAKTSE4,4.758618459869582e-15,1.132448404631365,-585.1819442,-5.358094811,542.0045280074312
AAKTSE4,5.5274726659526625e-15,-50.97185238,-516.4545525,-81.8489784,451.9729578388972
AAKTSE4,6.296326872035743e-15,69.14384683,-444.7671609,-75.0209731,432.9313876703628
AAKTSE4,7.065181078118824e-15,279.9462127072651,-722.037547,-44.24852336,641.4542619462728
AAKTSE4,7.834035284201905e-15,240.63524525258688,-837.2179331,-5.209406948,551.2871362221829
AAKTSE4,8.602889490284985e-15,92.75650002013181,-736.2049858,24.783042795807475,631.9811216092045
AAKTSE4,9.371743696368066e-15,-22.86224521,-588.1031497,133.06215920612317,634.0362181073363
AAKTSE4,1.0140597902451148e-14,-111.8487682,-605.9846469,90.59349783866105,685.4524257165793
AAKTSE4,1.0909452108534227e-14,-80.30751346,-642.6183663,0.071503138,718.1719666591558
AAKTSE4,1.1678306314617308e-14,58.36818575697738,-692.0476413,-59.51665318,671.6784772987027
AAKTSE4,1.2447160520700387e-14,50.05499608,-637.5002497,-1.476930708,737.3088263220875
AAKTSE4,1.3216014726783471e-14,247.84513973651116,-561.2550802,57.865519035479124,595.1505894868865
AAKTSE4,-2.26E-16,360.77639450405604,-594.0143552,-18.48465748,530.5419486112812
AAKTSE4,5.428684237476521e-16,198.58542704937793,-729.2802968,-79.11291481,551.9496714
AAKTSE4,1.3117226298307328e-15,12.09557070581181,-531.0062385,-137.2560206,396.52143453683874
AAKTSE4,2.080576835913814e-15,77.18904769557872,-655.6821802,-140.4591264,216.0531977016376
AAKTSE4,2.8494310419968937e-15,206.00808024090165,-834.6425663,-173.09001,170.28162753310343
AAKTSE4,3.618285248079975e-15,161.11822389733456,-755.8773968,-216.8197825,154.5922795867911
AAKTSE4,4.3871394541630555e-15,77.17503422,-607.2666718,-134.7306661,462.5040428
AAKTSE4,5.155993660246136e-15,-93.93704435,-547.4626134,127.91511698467146,758.8346948052779
AAKTSE4,5.924847866329217e-15,149.3730993110802,-559.8785551,100.22090006165425,612.9353468589658
AAKTSE4,6.6937020724122975e-15,238.57990963418007,-671.2056079,-54.31220575,503.77377669043125
AAKTSE4,7.462556278495378e-15,142.79338662394693,-535.1071051,-114.1064227,296.39331763300834
AAKTSE4,8.231410484578459e-15,-37.2842475,-480.9908245,-135.0339729,181.90730302002913
AAKTSE4,9.000264690661541e-15,-64.5896594,-594.0523217,-129.6204121,169.20351062927293
AAKTSE4,-4.44E-15,-60.96618241,-653.2115967,-130.2735179,183.42860712740475
AAKTSE4,-3.67E-15,60.339516805236556,-611.6008717,-75.95551259,159.81925918109258
AAKTSE4,-2.90E-15,-44.00922843,-475.8445911,-179.8930628,202.5299112347804
AAKTSE4,-2.14E-15,-55.7924181,-431.3305328,-261.629502,173.5261188440238
AAKTSE4,1.2844535721076968e-14,-37.47227445,-429.0475856,-317.3626078,260.78121534215603
AAKTSE4,1.3613389927160047e-14,-21.66990857,-412.0946383,-270.1679358,617.5452007291769
AAKTSE4,1.4382244133243133e-14,-6.224209357,-407.6316911,-165.614072,564.6760548030667
AAKTSE4,1.515109833932621e-14,44.554823188282874,-356.1442994,-25.21414746,808.4587270587755
AAKTSE4,1.591995254540929e-14,155.6238557,-443.9680188,27.88719117353544,692.2560457791295
AAKTSE4,1.668880675149237e-14,235.19511050114966,-562.3250716,113.01852980607333,807.1444756105951
AAKTSE4,1.7457660957575452e-14,161.65969860202856,-484.7576799,180.50764621638913,746.0329054
AAKTSE4,1.8226515163658533e-14,103.04681195543044,-446.1041266,113.8789848489269,780.1057797179707
AAKTSE4,1.8995369369741617e-14,47.54776369267253,-494.9740077,81.06921237035368,754.3664317716585
AAKTSE4,5.553368860622716e-15,108.90901846021725,-566.7510605,94.66610655844748,596.9026394
AAKTSE4,6.3222230667057956e-15,93.04471767220613,-618.8236688,100.72855630209628,625.5566247679233
AAKTSE4,7.091077272788877e-15,93.58263910641702,-617.7462771,135.5032282679681,813.5683879327221
AAKTSE4,7.859931478871958e-15,83.02944942951794,-612.0955521,165.20012245606085,773.1290399864099
AAKTSE4,8.628785684955038e-15,72.36292642,-562.4026049,172.5581277552657,817.3196920400976
AAKTSE4,9.397639891038119e-15,68.29640340905169,-511.8785465,51.290577498914494,810.4803440937856
AAKTSE4,1.01664940971212e-14,7.555435954374582,-458.7300437,-84.24919498,680.5809961474733
AAKTSE4,1.093534830320428e-14,-6.186642611,-410.4115409,-38.51785635,746.7794259789389
AAKTSE4,1.170420250928736e-14,78.79572326724136,-449.6597048,47.42792672986185,838.710078
AAKTSE4,1.2473056715370442e-14,230.80031136811925,-481.4045354,-197.0851791,625.1151745307587
AAKTSE4,1.3241910921453522e-14,211.8871216912194,-564.5315881,-241.1982849,806.9736043622246
AAKTSE4,1.4010765127536603e-14,53.95726534765307,-640.0275298,-127.5180574,621.5553675270235
AAKTSE4,5.687646184177053e-16,17.612964559641846,-665.8723603,-128.328941,648.8404640251562
AAKTSE4,1.337618824500786e-15,61.85088599385382,-631.6549686,-239.9420468,657.6522271899547
AAKTSE4,2.106473030583867e-15,100.02769631695372,-610.6420214,-287.3073748,577.3362125769759
AAKTSE4,2.8753272366669473e-15,24.22339552894259,-654.0746297,-234.8360362,532.4490868528867
AAKTSE4,3.644181442750041e-15,11.422428074265508,-614.5572381,-225.4135864,755.6897389065734
AAKTSE4,4.413035648833121e-15,-12.80965049,-646.3454019,-30.18113669,821.0781687380393
AAKTSE4,5.181889854916202e-15,-111.9961735,-663.0902325,-125.4864647,689.4388208
AAKTSE4,5.950744060999283e-15,-196.877141,-713.445063,-92.50179276,833.6505839565259
AAKTSE4,6.7195982670823625e-15,-284.8925529,-742.4976714,-154.7171208,656.0279026768808
AAKTSE4,7.488452473165444e-15,-251.8779648,-788.3025019,-177.1991155,610.8618880639021
AAKTSE4,8.257306679248525e-15,41.715512235088866,-840.0817769,-123.3766657,453.83365122870106
AAKTSE4,9.026160885331604e-15,95.71232255818875,-878.1288297,-85.99532712,467.22208106016626
AAKTSE4,9.795015091414686e-15,86.32246621462264,-896.631438,-68.61065515,458.4793998
AAKTSE4,-3.65E-15,85.07594320438952,-905.4184907,-7.399316517,639.8956073897641
AAKTSE4,-2.88E-15,91.59942019415642,-957.7977657,-177.2979779,782.4395927767856
AAKTSE4,-2.11E-15,92.26845274,-986.8114852,-310.494417,858.0246892749175
AAKTSE4,-1.34E-15,95.20637417,-986.8229824,-117.978634,669.4031191063833
AAKTSE4,-5.72E-16,87.11985116345707,-986.8344796,129.19603801315748,749.4859934
AAKTSE4,1.9728561271119155e-16,68.10999481989099,-995.3126435,24.440709979028817,611.6266454
AAKTSE4,9.661398187942722e-16,40.66347180965786,-1006.646363,112.52315972267803,769.9172974896687
AAKTSE4,1.734994024877353e-15,56.78139324386875,-958.1023046,85.63116502188181,739.8801717655787
AAKTSE4,2.5038482309604336e-15,67.73375912252467,-914.7304684,104.88694809886464,724.8186015970444
AAKTSE4,3.2727024370435147e-15,74.43168055673553,-842.0197434,61.97050895362471,619.1981425396211
AAKTSE4,1.8252411358328602e-14,128.75071310205846,-827.8834629,-27.95259686,601.6099057
AAKTSE4,4.810410849209688e-15,179.81752342515833,-965.9305156,-16.41236934,487.57833553588586
AAKTSE4,5.579265055292769e-15,234.4710004149252,-755.1586795,-62.71880848,448.43009870068465
AAKTSE4,6.3481192613758496e-15,-15.57996704,-747.4668434,-59.62302541,417.3118618654835
AAKTSE4,7.11697346745893e-15,-193.4898234,-761.3738961,-89.35057566,630.3047361413933
AAKTSE4,7.885827673542011e-15,-274.4219019,-667.7409489,-91.72479258,725.1387215284151
AAKTSE4,1.5492545220241026e-15,-212.6262027,-621.131335,-44.46234284,825.0471513598799
AAKTSE4,2.318108728107183e-15,-89.15494797,-647.9439433,55.353440236149744,775.2411367469017
AAKTSE4,3.0869629341902637e-15,-56.24924876,-653.6087739,123.1092233131325,909.5073443561446
AAKTSE4,3.8558171402733436e-15,-25.29466066,-639.8447155,147.0194508345593,735.5557741876105
AAKTSE4,4.624671346356425e-15,23.247705221949552,-609.1839905,7.998567245,591.1308706857428
AAKTSE4,5.393525552439506e-15,9.453404433938275,-512.8543766,-17.88009412,774.0070782949861
AAKTSE4,1.3267807116123588e-14,16.246881423705133,-518.2014294,-20.26431105,647.4166192375626
AAKTSE4,6.9312339646056805e-15,1.3025806356947554,-551.407371,-15.0518613,756.3106046245837
AAKTSE4,7.70008817068876e-15,15.009390958794931,-696.9271511,-44.94941156,631.8990344560494
AAKTSE4,8.468942376771841e-15,237.23842350411778,-751.5336988,-59.00140626,567.4174642875153
AAKTSE4,9.237796582854922e-15,94.00634493832867,-593.2274182,-41.40895652,496.81811634120294
AAKTSE4,1.0006650788938017e-14,91.24759970587357,-473.9366932,141.88571545041768,674.4232128393348
AAKTSE4,1.0775504995021096e-14,-17.8089233,-451.683746,76.45372074962344,667.9327537819119
AAKTSE4,4.4389318435031745e-15,-71.75797157,-494.3279705,-45.53827395,760.2811836133775
AAKTSE4,5.207786049586268e-15,-182.6508582,-479.0634071,-11.75915754,863.1929467781763
AAKTSE4,5.976640255669349e-15,-251.9796034,-418.7649043,-15.10781891,719.4735988318643
AAKTSE4,6.745494461752429e-15,-350.0905709,-527.6264015,-59.32759139,717.6542509
AAKTSE4,7.514348667835511e-15,-353.6026495,-551.6790098,-14.55958609,848.0904584947958
AAKTSE4,8.28320287391859e-15,-289.8758391,-570.6993959,11.249227292325243,783.5591913565636
AAKTSE4,1.946629722400682e-15,-294.6423622,-574.709782,-57.74024216,622.2862070466155
AAKTSE4,2.7154839284837626e-15,-207.6388852,-675.4123903,-96.69223686,496.63019243363624
AAKTSE4,3.4843381345668433e-15,-138.4298526,-593.0849987,-127.5453427,450.24306670954707
AAKTSE4,4.253192340649924e-15,-229.2808201,-513.6987181,-52.95178181,569.7781632
AAKTSE4,5.0220465467330046e-15,-267.0373431,-697.2413264,65.7773346,934.3699263724787
AAKTSE4,5.790900752816085e-15,-388.292755,-637.0683792,0.5708954511889957,787.2794673150546
AAKTSE4,6.559754958899166e-15,-509.0781669,-577.6420986,-65.71443258,912.3645638131864
AAKTSE4,2.2318180738125743e-16,-544.8846899,-596.6391514,-128.6186495,879.6207714224303
AAKTSE4,9.92036013464338e-16,-546.772324,-644.1462042,-59.65508865,757.2480901
AAKTSE4,8.86631757714842e-15,-545.2310692,-688.404368,-89.62375002,682.8242977520279
AAKTSE4,9.6351717832315e-15,-522.45537,-725.683643,-58.49715886,662.9606063713719
AAKTSE4,1.0404025989314582e-14,-522.7241153,-838.2595847,-9.568850531,852.3911574149595
AAKTSE4,1.1172880195397664e-14,-561.3206383,-863.9644152,-62.40528968,907.8229205797583
AAKTSE4,4.836307043879754e-15,-568.5671613,-857.0503569,-31.91395104,757.5646837445571
AAKTSE4,5.605161249962835e-15,-591.9992399,-870.090743,-139.7337235,785.0197802426893
AAKTSE4,6.3740154560459146e-15,-604.3502073,-908.1633513,-66.01905156,989.1059878519328
AAKTSE4,7.142869662128996e-15,-618.6367303,-889.6248485,-108.2482685,886.4266399056206
AAKTSE4,7.911723868212077e-15,-381.4032533,-875.8507902,-98.16304096,741.1772919593084
AAKTSE4,8.680578074295157e-15,-140.8319986,-834.2978429,-85.55614677,725.7257217907741
AAKTSE4,9.449432280378238e-15,-7.716299348,-794.5004513,-109.6625859,734.6585960666841
AAKTSE4,3.11285912886033e-15,116.01717764156857,-792.6108374,-85.10124728,899.4881370092598
AAKTSE4,3.88171333494341e-15,107.57398796466849,-771.2990012,-42.69213087,976.6199001740596
AAKTSE4,4.650567541026491e-15,113.82413162110232,-721.2638318,137.50365220433343,847.5027744499696
AAKTSE4,5.4194217471095715e-15,38.13871972198022,-669.3597734,174.85721305909226,752.6467598369908
AAKTSE4,6.188275953192652e-15,-62.85669218,-602.0079373,154.15966280274182,680.0918563
AAKTSE4,6.957130159275733e-15,-63.42765963,-602.0649901,101.9987792130578,677.8525084
AAKTSE4,6.205570077578243e-16,43.93803958,-727.1498206,-18.18321549,768.0709382202765
AAKTSE4,1.389411213840905e-15,284.25484990326976,-816.0568734,-76.56076574,922.1838124961866
AAKTSE4,2.1582654199239857e-15,128.4349935597037,-630.262815,-104.7738716,805.7877978832076
AAKTSE4,2.9271196260070663e-15,95.09958166058158,-718.9376456,-112.3803107,781.7251166035621
AAKTSE4,3.695973832090153e-15,74.50639198368148,-824.9635872,-56.4723054,804.4291019905833
AAKTSE4,1.1570255395774236e-14,46.775424529004376,-901.6873067,118.29125545272957,1006.7864207109377
AAKTSE4,5.233682244256327e-15,68.12556818543825,-915.0388039,202.31592741860035,828.0526283201814
AAKTSE4,6.002536450339408e-15,25.31237850853814,-960.5303011,112.95171049558326,800.5921692627578
AAKTSE4,6.771390656422489e-15,11.836966609416026,-953.5240205,153.07082690589897,980.7261546497792
AAKTSE4,7.540244862505571e-15,11.70266582140521,-933.66774,111.90327664954773,917.6001400368001
AAKTSE4,8.30909906858865e-15,-80.58052386,-818.0625705,-81.97871805,725.6396809793767
AAKTSE4,9.07795327467173e-15,-179.1959358,-721.0729566,-150.3962683,698.6558885886207
AAKTSE4,9.846807480754811e-15,-223.8902365,-730.7088983,-88.37492968,708.5954295311965
AAKTSE4,3.5102343292369028e-15,-128.1367596,-807.6692844,-44.19359104,878.9516371404404
AAKTSE4,4.2790885353199834e-15,-57.03439367,-842.8063371,78.33219203446009,916.3711780830172
AAKTSE4,5.047942741403064e-15,-115.1109167,-720.0489455,81.99130844477548,792.7329412
AAKTSE4,5.816796947486145e-15,-68.68632858,-707.3648871,-88.32290848,519.6358155
AAKTSE4,6.5856511535692254e-15,-67.49951826,-760.1763843,-30.5271254,384.54424535519166
AAKTSE4,3.8017916808518115e-15,60.18284761819594,-949.3189926,-27.65800899,374.43934185332387
AAKTSE4,4.570645886934892e-15,-186.8403421,-762.5771565,68.63332964159363,400.7355494625673
AAKTSE4,5.339500093017973e-15,-183.3696934,-611.7864315,-30.07977617,418.76620151625474
AAKTSE4,2.555640620300559e-15,-115.0589436,-650.1412621,-64.73621532,282.10796468105383
AAKTSE4,6.877208505184147e-15,-60.86657776,-724.3538704,-7.280432239,197.54750562363068
AAKTSE4,7.646062711267227e-15,9.998010344808389,-775.6342565,55.36868417174481,147.93815767731854
AAKTSE4,4.8622032385498135e-15,19.311487334575297,-728.1135315,141.4289116931716,173.92436528656233
AAKTSE4,5.631057444632894e-15,45.52829766,-735.6850287,64.29358366,255.58501734025015
AAKTSE4,6.399911650715975e-15,59.418441314109074,-763.5887481,104.69492229158118,661.4901138
AAKTSE4,3.616052177998561e-15,69.92414053,-782.8713564,153.8818164796743,737.1129881142917
AAKTSE4,4.384906384081642e-15,13.645395293642865,-726.2617425,-50.57462267,591.5514179457576
AAKTSE4,5.153760590164722e-15,-28.10223883,-689.5732397,-103.8255063,531.4154033327787
AAKTSE4,2.3699011174473083e-15,-28.87431739,-707.7102925,-68.82972318,599.5627220531333
AAKTSE4,3.138755323530389e-15,-102.9541737,-739.7329008,-62.7039401,874.3167074
AAKTSE4,3.9076095296134705e-15,-59.48736341,-767.5710647,-82.32482369,699.6218039382869
AAKTSE4,4.67646373569655e-15,-36.32055309,-816.7481175,-146.4734851,573.0146782141967
AAKTSE4,5.4453179417796366e-15,-48.30040943,-853.592948,-1.957701981,780.1253302678845
AAKTSE4,6.214172147862718e-15,-90.65471022,-895.9966675,87.13696998442231,764.0059823215724
AAKTSE4,6.983026353945799e-15,-148.9334555,-894.1270536,117.72719750584909,640.7066343752601
AAKTSE4,4.199166881228385e-15,-197.8888674,-899.9574397,156.06631391616492,832.5417309
AAKTSE4,4.9680210873114654e-15,-192.8198348,-887.880048,90.65209699314713,795.3857162604138
AAKTSE4,5.736875293394546e-15,-269.16858,-949.2037674,62.267880070129515,683.8785905363236
AAKTSE4,2.9530158206771317e-15,-333.4995475,-908.8719313,13.424774258222708,862.8625759233444
AAKTSE4,3.721870026760216e-15,-294.8994038,-770.5312063,-30.31610933,840.3298946436993
AAKTSE4,4.490724232843297e-15,-152.3825935,-679.7715924,-165.0914374,673.5705467
AAKTSE4,1.7068647601258829e-15,-176.5024499,-628.0342007,-168.0134321,607.9067543066307
AAKTSE4,2.4757189662089634e-15,-182.7967506,-580.9679201,-137.0109823,721.9718508047628
AAKTSE4,6.797286851092545e-15,-8.756606991,-511.0771951,-12.9207548,906.1136139695616
AAKTSE4,4.013427378375128e-15,-70.91646333,-493.9186923,-15.33719395,800.9331549121383
AAKTSE4,3.0059247450579612e-15,-45.49631968,-512.4168562,-48.7547442,790.8071402991592
AAKTSE4,5.5511357905412916e-15,-74.21506491,-534.9216868,-126.7200722,726.544459
AAKTSE4,4.543633157224126e-15,-81.38158792,-574.0976284,-217.7165114,718.1251110732018
AAKTSE4,3.5361305239069626e-15,-44.38699982,-656.6746812,-132.0551727,709.0357631268896
AAKTSE4,4.304984729990043e-15,-124.9868562,-591.7961784,-184.5360563,778.4264151805775
AAKTSE4,3.2974820966728767e-15,-57.32893473,-567.2498978,-83.65138437,844.5181783453763
AAKTSE4,5.8426931421562074e-15,364.37232003781514,-461.9791728,123.37439870343755,827.8388303990641
AAKTSE4,4.835190508839041e-15,392.7757970275821,-423.01067,154.49129289153137,686.5083713416409
AAKTSE4,3.827687875521874e-15,-0.480725983,-338.6921672,237.13040930184715,469.04902339532873
AAKTSE4,4.596542081604955e-15,-150.3816934,-333.1681089,148.5250812677183,287.18523100457253
AAKTSE4,3.589039448287788e-15,-201.853772,-235.3551617,119.62864212247865,111.89143861381561
AAKTSE4,2.5815368149706216e-15,-252.1047395,186.50778557117107,-28.77001924,-304.114576
AAKTSE4,5.126747860453953e-15,-197.546818,219.21184391552052,-66.8075695,-501.7083684
AAKTSE4,4.119245227136788e-15,-59.80334103,383.34256892653696,86.98710246453675,-527.5488274
AAKTSE4,4.8880994332198675e-15,-87.54986404,472.8488494931074,142.74177443040782,-342.4792865
AAKTSE4,3.880596799902702e-15,-258.2186093,405.20068561523374,110.86866861850072,-399.8686345
AAKTSE4,4.6494510059857855e-15,-320.821799,707.6814106262498,139.56889613992809,-414.463538
AAKTSE4,3.641948372668619e-15,-264.3894331,840.3143578594876,207.48356810579935,-370.5151081
AAKTSE4,3.522624159051576e-15,-302.7926228,1055.610638426059,209.3804622938928,-415.8655672
AAKTSE4,4.291478365134658e-15,-160.9602569,1172.8569189926304,196.55402314865287,-489.523804
AAKTSE4,4.172154151517615e-15,-115.6190021,1072.729866225868,170.12425067007968,-517.173152
AAKTSE4,3.1646515182004485e-15,-112.3377473,800.9283690146613,186.61447819150675,-449.5091666
AAKTSE4,3.9335057242835316e-15,-112.7520481,682.7168718034545,209.4947057129333,-396.3818479
AAKTSE4,3.8141815106664886e-15,-174.7107934,704.7153745922478,182.46604434547126,-364.4367514
AAKTSE4,3.694857297049447e-15,-305.4528719,959.9938773810413,187.72516075578682,-374.6505437
AAKTSE4,4.019622293282467e-15,-333.2782838,901.7868246142789,166.02538827721364,-419.8365584
AAKTSE4,3.4562088698153628e-15,-298.8670291,977.5931051808507,152.17783802086262,-450.6303507
AAKTSE4,3.558929261123352e-15,-247.8646632,1174.9793857474217,34.66917665340052,-452.1019209
AAKTSE4,3.66164965243134e-15,-238.0411862,1114.1634440917703,-25.33392916,-475.9979355
AAKTSE4,3.653347741276814e-15,-152.0610425,1160.8708357694525,-53.6003683,-470.2139501
AAKTSE4,3.589534678891029e-15,-244.3075655,1071.5793385582458,-176.842363,-490.1099648
AAKTSE4,3.608988343352132e-15,-240.3007552,851.1333969025952,-252.9665799,-540.0993127
AAKTSE4,3.628442007813234e-15,-210.0339449,774.3741219136107,-264.2196857,-621.9731051
AAKTSE4,3.509117794196192e-15,-272.0538012,748.6304024801822,-270.9816804,-619.082453
AAKTSE4,3.3897935805791493e-15,-221.2414354,734.1300163800867,-261.5347863,-567.7140232
AAKTSE4,3.714558576812169e-15,-183.5968473,727.4474080577689,-424.4078921,-534.5933712
AAKTSE4,3.595234363195127e-15,-221.9522592,949.1559108465625,-271.8098868,-452.5027191
AAKTSE4,3.475910149578085e-15,-261.0598933,1018.0633025242444,-91.6952148,-598.1842893
AAKTSE4,3.3565859359610427e-15,-287.733083,1129.7095830908163,-14.38165394,-546.911415
AAKTSE4,3.681350932194063e-15,-308.7884949,1204.0469747684988,-0.786981978,-540.2374296
AAKTSE4,3.56202671857702e-15,-382.1483512,1095.888810890625,-9.003421124,-571.4245553
AAKTSE4,3.4427025049599788e-15,-337.8159853,1077.1984247905295,-17.6631936,-614.0005699
AAKTSE4,3.323378291342936e-15,-392.6202861,1081.018038690434,-59.12852164,-629.3599179
AAKTSE4,3.204054077725893e-15,-446.3001425,1104.2076525903383,-93.22051634,-642.2081547
AAKTSE4,3.972908283808977e-15,-344.9844432,885.9872664902427,-99.60806659,-609.480836
AAKTSE4,2.9654056504918104e-15,-233.1620774,751.8424359457032,-24.25117241,-529.2790728
AAKTSE4,2.846081436874767e-15,-220.5663781,737.4820498456074,22.15349956050964,-596.780643
AAKTSE4,3.614935642957849e-15,-311.0451234,748.6805526,28.700393748603066,-598.6277687
AAKTSE4,2.6074330096406826e-15,-366.0816464,680.0412776454165,-71.14271206,-581.7148945
AAKTSE4,3.376287215723765e-15,-358.5559472,793.4808915453212,-41.80915121,-576.6342424
AAKTSE4,2.3687845824065986e-15,64.32308536533617,1084.7805054452263,47.15107631288346,-491.7235903
AAKTSE4,3.137638788489682e-15,172.1087845773253,1166.4934526784637,35.92130383431021,-456.7440494
AAKTSE4,3.906492994572763e-15,97.81337267820312,1058.417511022812,-30.48846864,-204.4445085
AAKTSE4,2.898990361255596e-15,59.025738556859004,454.1304582560505,-175.4182411,161.92836581128051
AAKTSE4,3.667844567338677e-15,-26.53189556,283.08118326706614,-122.3369025,388.53457342052434
AAKTSE4,2.66034193402151e-15,-138.9095297,120.5641305003035,-97.10778608,330.69189214087817
AAKTSE4,1.6528393007043437e-15,-299.8174668,-86.65403338,-143.4453363,302.0769886390109
AAKTSE4,4.198050346187678e-15,-286.2492424,-249.1666417,-181.4495533,548.7209740260319
AAKTSE4,3.1905477128705108e-15,-286.5602098,-393.5103611,-207.8337702,457.3138483019417
AAKTSE4,2.1830450795533445e-15,-82.6533995,-456.618525,-291.2479871,228.15894480007438
AAKTSE4,2.9518992856364252e-15,-39.00770029,-501.7744667,-295.432204,327.7329301870952
AAKTSE4,1.9443966523192586e-15,-447.0264455,-618.8115194,-339.7341987,454.84136001856115
AAKTSE4,4.4896076978025905e-15,-463.7685241,-761.5207944,-320.221749,353.24756762780424
AAKTSE4,3.482105064485423e-15,-439.8672693,-903.7411805,-255.2659659,441.25488634815866
AAKTSE4,6.98245591768006e-16,-358.740459,-894.4415666,-22.38573839,272.4422050685132
AAKTSE4,5.0198134766515876e-15,-355.0280931,-817.4175083,54.48337802,458.55841267775634
AAKTSE4,5.788667682734668e-15,-169.3023939,-621.044561,135.21471665571215,289.22684250922214
AAKTSE4,3.0048082100172547e-15,-247.5055836,-481.6605027,44.163833066027856,140.7563834517988
AAKTSE4,3.773662416100338e-15,-270.1387733,-389.4319999,-125.7526061,147.6748132832643
AAKTSE4,4.542516622183419e-15,-130.3830741,-361.0257193,-157.1612674,104.80879867028557
AAKTSE4,1.7586571494660049e-15,-222.2451526,-438.9649943,-118.0599288,115.12278405730665
AAKTSE4,2.5275113555490855e-15,-193.9983423,-475.2720471,-111.136368,60.55676944432824
AAKTSE4,3.2963655616321666e-15,-184.7681986,-494.6579888,-30.78391822,182.6407548
AAKTSE4,5.125060889147524e-16,-192.0147216,-492.709486,-85.91369069,343.53140688503686
AAKTSE4,1.281360294997833e-15,-185.3068002,-478.0820943,-192.3581854,296.7676144942802
AAKTSE4,2.0502145010809136e-15,-178.9599899,-448.8224804,-330.0932357,282.05271099241247
AAKTSE4,2.819068707164001e-15,-117.3631796,-518.4328665,-294.5863415,276.2222519349892
AAKTSE4,3.587922913247081e-15,-118.3208137,-610.4454748,-378.0661139,319.82401509978814
AAKTSE4,4.356777119330162e-15,-115.3728923,-537.2425276,-300.9147753,315.92577826458796
AAKTSE4,1.572917646612748e-15,-115.1938597,-446.1284692,-174.6912145,290.5353192071638
AAKTSE4,2.341771852695829e-15,-49.51371605,-415.8110776,-4.452098044,350.16597126085156
AAKTSE4,3.1106260587789093e-15,-10.60135017,-380.3681303,154.67146281044697,472.26995664787233
AAKTSE4,3.87948026486199e-15,30.486571260098888,-379.0729609,150.18946810965178,447.21838647933816
AAKTSE4,1.095620792144576e-15,208.16115936097674,-360.3455692,104.02302896441158,433.3790385
AAKTSE4,1.8644749982276567e-15,351.3379696840771,-96.83373307,255.26881204139434,196.52857947560284
AAKTSE4,2.6333292043107437e-15,477.36033556273253,-77.74411917,260.8090395628212,173.0181204181795
AAKTSE4,-1.51E-16,410.6404792191664,-195.5189497,262.5592671,105.22988358297845
AAKTSE4,6.183239376764104e-16,631.2195117644894,7.805108630582595,238.47838349456376,-25.8327977
AAKTSE4,4.939891822559992e-15,498.1974331987003,-99.19194414,289.12972212710156,-93.30881231
AAKTSE4,2.156032349842578e-15,570.7442435218005,-194.740108,283.6488385374173,-145.1370491
AAKTSE4,2.9248865559256588e-15,735.5643872,-145.8149386,277.0301771699551,-221.7508415
AAKTSE4,3.6937407620087394e-15,538.5889753,-235.0475469,304.0504046913819,-220.2268561
AAKTSE4,9.098812892913257e-16,343.7324522688788,-317.2690441,306.7150766572527,-189.6162041
AAKTSE4,1.6787354953744062e-15,269.0848181475347,-339.9494302,260.9819708453466,-106.5877743
AAKTSE4,2.447589701457487e-15,190.80829513730177,-355.2998163,156.95664281121788,53.54732223470302
AAKTSE4,3.216443907540574e-15,178.8017721270685,-298.2924246,197.97131477708905,329.66575206616886
AAKTSE4,3.9852981136236545e-15,167.44191578350242,-323.2128107,201.96709785407185,382.7819596754126
AAKTSE4,4.754152319706735e-15,197.02650388438028,-153.4787524,141.98176981994263,430.3070561735445
AAKTSE4,5.523006525789816e-15,190.4622030963692,-76.41691625,103.01866400803546,334.8099304494547
AAKTSE4,6.291860731872897e-15,168.43790230835808,-155.5317468,80.04444708501845,211.9850269475868
AAKTSE4,-4.47E-17,175.64915707590296,-224.3099107,83.08245238422305,285.37901233460786
AAKTSE4,7.241417864380686e-16,184.17263406566988,-234.1714079,41.12490212787203,545.6829977216287
AAKTSE4,1.4929959925211493e-15,164.65055549988074,-245.7073495,60.052907427076605,606.4803164419835
AAKTSE4,2.2618501986042304e-15,143.93181026742562,-259.7544023,-8.926865051,428.7409684956714
AAKTSE4,3.0307044046873106e-15,189.57417614608153,-268.6058995,-144.5466375,350.0716205493592
AAKTSE4,3.799558610770398e-15,180.98654202473745,-254.4418412,-177.76641,197.49227260304704
AAKTSE4,4.568412816853478e-15,125.32224123672628,-277.5877828,-199.4572936,370.7918135456237
AAKTSE4,-1.77E-15,109.4934960042712,-305.2503911,-83.86595497,395.68357671042264
AAKTSE4,-9.99E-16,236.86919521626004,-360.8496661,72.77760588897037,465.00533987522147
AAKTSE4,-2.30E-16,211.7626722,-370.7756078,118.54672229928639,240.49376970668715
AAKTSE4,5.384022835848119e-16,158.22170475134985,-291.5848828,149.84472759849098,375.95553287148607
AAKTSE4,1.3072564896678924e-15,99.30740396333877,-418.83638,174.69717734213975,274.91840714739595
AAKTSE4,2.076110695750973e-15,81.55976984199465,-434.2700994,198.09518264134454,223.3368369788617
AAKTSE4,-4.26E-15,267.3043579428725,-482.3693744,301.41541016277137,357.10526681032735
AAKTSE4,-3.49E-15,232.3556127104174,-358.2953161,175.89897101753212,467.76814108623705
AAKTSE4,-2.72E-15,-12.54868808,-370.2223688,82.43586520562485,376.5387931399252
AAKTSE4,5.151527520083309e-15,-52.95521109,-369.0827549,30.400537171495692,234.63388963805744
AAKTSE4,5.920381726166389e-15,-67.2017341,-369.8653633,-38.69367975,115.07009724730082
AAKTSE4,6.6892359322494705e-15,-34.76825711,-396.5157494,-64.63123001,98.66074930098863
AAKTSE4,3.526627807315612e-16,-8.374780119,-413.5783577,-74.47544693,108.07695691023201
AAKTSE4,1.121516986814642e-15,11.630919093462744,-419.8976327,-96.55633052,198.15094229725315
AAKTSE4,1.8903711928977225e-15,2.336618305451669,-446.3546854,-8.439436332,408.8227054620521
AAKTSE4,2.6592253989808032e-15,5.795650850774577,-476.6250715,164.10220533035948,385.3611352935177
AAKTSE4,3.428079605063884e-15,4.499127840541466,-487.7743465,249.30768537703926,315.0840095694277
AAKTSE4,4.196933811146965e-15,3.595938163641338,-494.1002882,246.37680178735505,481.24021717867157
AAKTSE4,4.965788017230045e-15,-0.64391818,-443.847341,129.09702930878183,472.5797581212473
AAKTSE4,-1.37E-15,3.349558809842135,-439.2121715,38.07836794131963,319.22485461938004
AAKTSE4,-6.02E-16,9.113035799609033,-443.2903354,10.278595462746415,402.7066178
AAKTSE4,1.6692327787829799e-16,25.476512789375892,-477.5573881,100.65215631750608,367.31282539342254
AAKTSE4,9.357774839613789e-16,137.7399897791428,-489.0033298,104.9122828288328,439.83872997236267
AAKTSE4,1.7046316900444596e-15,56.233466768909715,-498.6703826,62.87705580480378,423.50857394524246
AAKTSE4,2.47348589612754e-15,79.52583265,-539.9518798,14.93506110400956,540.3725593322633
AAKTSE4,-3.86E-15,215.08819852622116,-333.9522659,-77.12471137,504.15098916372904
AAKTSE4,-3.09E-15,159.94389773821035,-286.6015409,-82.02559496,363.2660856618615
AAKTSE4,-2.33E-15,-169.2226253,-337.0108159,-89.85981189,383.0111821599937
AAKTSE4,-1.56E-15,-198.1491483,-362.3034242,-0.257362144,522.5251675470146
AAKTSE4,-7.88E-16,-181.2956713,-383.8338103,-22.47935684,649.4624862673694
AAKTSE4,-1.88E-17,-71.51663875,-432.7175297,-24.53801821,786.9709160988352
AAKTSE4,7.85546533870913e-15,16.612393798155722,-466.0012491,42.233320420663155,714.1793459
AAKTSE4,1.5188921871912088e-15,117.74475967681175,-532.9816352,206.86021460875688,879.1711090950997
AAKTSE4,2.28774639327429e-15,415.5182366665787,-414.4997991,257.8315532412948,660.7017611487876
AAKTSE4,3.0566005993573828e-15,409.6528247674565,-345.557963,232.84178076272153,509.15574653580836
AAKTSE4,3.8254548054404634e-15,208.78519064611237,-332.5127935,139.94534161748126,602.7197319228293
AAKTSE4,4.594309011523544e-15,216.47644541365705,-316.636513,-44.78776419,350.46705064318405
AAKTSE4,5.363163217606625e-15,275.1832557367572,-335.065788,6.638018882557864,289.0288138079829
AAKTSE4,-9.73E-16,263.1967327265241,-314.4495074,224.7480443837817,477.75279919500406
AAKTSE4,-2.05E-16,237.7068764,-424.9287824,298.93069614763345,545.3790068042474
AAKTSE4,5.642984782548777e-16,184.27479781716903,-349.3813907,182.4731458912823,326.0296588579353
AAKTSE4,1.3331526843379582e-15,50.36605258471372,102.27155652475807,138.45337341270903,192.85697757829018
AAKTSE4,2.102006890421039e-15,33.662862907814656,139.22117042466218,129.46360093413585,41.76540740975497
AAKTSE4,2.8708610965041196e-15,80.6463399,157.8152287690116,125.77160623334062,28.663837241220797
AAKTSE4,-3.47E-15,59.06870577623644,61.86150933558298,118.39072264365639,-5.131066261
AAKTSE4,-2.70E-15,442.1599605437812,-22.54776565,104.84428349841619,-42.41708087
AAKTSE4,-1.93E-15,721.0834375335481,-32.65926286,182.054511,150.61801562450665
AAKTSE4,-1.16E-15,635.6491367455371,-234.0907601,188.5325163190478,356.9142232337501
AAKTSE4,-3.90E-16,386.18372484641526,-286.7378128,114.18829939602959,579.3448752874378
AAKTSE4,3.7855897540161443e-16,339.0138685028489,-266.4737545,93.15852692,491.2821940077927
AAKTSE4,1.147413181484695e-15,219.8651232703936,-314.2952517,192.25542110555014,532.2661793948135
AAKTSE4,-5.19E-15,112.97082248238266,-348.61786,279.5545375158649,683.5857203373903
AAKTSE4,2.685121593650869e-15,133.11541058326063,-216.6004684,266.59587614840376,651.2274835021893
AAKTSE4,3.453975799733937e-15,167.50777646191645,-174.8997433,242.40388144760854,479.0536911
AAKTSE4,-9.99E-15,251.3345867850163,-416.2445739,223.08633119125733,572.1132320540088
AAKTSE4,-9.22E-15,140.6513971081172,-554.4794044,142.79989204601708,545.9616618854745
AAKTSE4,-8.45E-15,3.2159852089950984,-360.0597905,105.45678623411091,650.5000917169405
AAKTSE4,-7.68E-15,-217.0172045,-344.14351,162.72701375553768,523.8907437706282
AAKTSE4,-6.91E-15,-384.9148386,-467.5572294,114.33279683252053,409.46139582431607
AAKTSE4,-6.14E-15,-398.1191394,-482.7276155,178.60524657616926,565.4631589891148
AAKTSE4,-5.37E-15,-199.8178846,-351.5002238,70.59547409759537,634.1093665983587
AAKTSE4,-4.61E-15,-307.3444076,-285.291721,-22.11096505,526.2033519853795
AAKTSE4,-3.84E-15,-315.6609306,-217.8432182,21.218151362671648,773.2540040390675
AAKTSE4,-3.07E-15,-326.1785648,-220.3169377,-131.9393989,567.0368783
AAKTSE4,-2.30E-15,-213.6339767,-198.3007581,-215.9613936,711.1653081
AAKTSE4,1.268022627273093e-14,-36.41383299,-189.8777099,-260.6911661,647.8292935
AAKTSE4,1.3449080478814011e-14,-18.20702267,-200.1314293,-252.3909386,548.3066122538187
AAKTSE4,7.07996969511326e-18,-121.7279901,-191.3607043,-121.6818221,498.49948652972864
AAKTSE4,7.759341757781939e-16,-148.1000687,-231.7522015,-133.5893724,357.21013858341644
AAKTSE4,1.5447883818612746e-15,-170.6365917,-376.4736987,-129.660256,446.43634619266004
AAKTSE4,2.3136425879443553e-15,-154.4820036,-302.6707515,4.396638200752973,467.18366491301384
AAKTSE4,3.082496794027436e-15,-215.0096377,-122.7766931,-28.76980094,391.02542807781373
AAKTSE4,3.851351000110529e-15,-217.8628274,-127.2793015,-61.12957342,552.9205245759455
AAKTSE4,4.620205206193611e-15,-160.4826837,-176.8996876,11.685098542810955,598.3245099629667
AAKTSE4,5.3890594122766906e-15,-46.02031786,-239.6511848,-63.97911838,791.2418286833213
AAKTSE4,6.157913618359771e-15,-75.46017421,-312.9982375,3.2311091412199597,843.4958141
AAKTSE4,6.926767824442852e-15,-81.92114166,-341.1686236,-60.65866334,749.9331327906968
AAKTSE4,7.695622030525933e-15,-99.46513942,-298.9656764,-61.47621359,840.3226737332736
AAKTSE4,8.464476236609013e-15,-120.2097432,-300.1516181,-81.10820829,735.6844368980724
AAKTSE4,9.233330442692094e-15,-126.1029329,-325.2586708,-126.1279808,738.3650889517603
AAKTSE4,-4.21E-15,-226.5072337,-271.9990569,-88.23664214,827.4179632276711
AAKTSE4,-3.44E-15,-361.6548678,-411.7016653,-105.0064146,620.0708375035804
AAKTSE4,-2.67E-15,-326.3147242,-670.7809402,-126.2072982,603.4370451128237
AAKTSE4,-1.90E-15,-350.589025,-459.0824375,-76.05707069,708.6976971665115
AAKTSE4,-1.13E-15,-382.6977702,-323.2261569,-74.16350983,674.8861269979769
AAKTSE4,-3.64E-16,-248.2809599,-338.2976541,133.45792981003336,901.4480921829781
AAKTSE4,4.044551700716802e-16,-177.4374829,-455.2791513,154.64583409913666,700.4874311053529
AAKTSE4,1.1733093761547609e-15,-37.24400589,-446.7006485,-8.286160602,697.1003053812627
AAKTSE4,1.9421635822378415e-15,10.478359992646519,-318.9188124,143.64295580865726,822.1220685460617
AAKTSE4,2.7110177883209226e-15,-67.02149635,-340.2836429,116.02429444119507,608.6516094886384
AAKTSE4,3.479871994404003e-15,-151.0035749,-366.204029,-126.5843669,636.2333726534372
AAKTSE4,4.2487262004870836e-15,-164.7423201,-411.4666374,-91.9241394,646.3095802626807
AAKTSE4,-9.19E-15,-176.2066209,-473.4581346,59.90053256103041,932.3457878719249
AAKTSE4,-8.42E-15,-117.4520328,-404.6407429,-4.744795473,901.2142177033897
AAKTSE4,-7.66E-15,205.5581108,-265.3277957,-114.2590124,970.1715364237444
AAKTSE4,-6.89E-15,213.8949211432369,-87.36484844,-6.57434043,719.6655218107653
AAKTSE4,-6.12E-15,399.08395368855975,43.56032101950657,-36.03966846,623.6261738644531
AAKTSE4,-5.35E-15,288.4825821934777,-128.8200651,176.35611461260936,636.1768259181409
AAKTSE4,-4.58E-15,125.28312989031558,-325.4037845,338.7785643562582,865.1452557496066
AAKTSE4,-3.81E-15,-144.3689487,-374.2819484,414.3365697,927.4181300255166
AAKTSE4,-3.04E-15,-221.538805,-268.0301123,241.97013051022276,801.5810043014263
AAKTSE4,-2.27E-15,-178.705328,-311.7516095,-7.334490453,888.7201412035992
AAKTSE4,-1.50E-15,-206.891851,-462.8297734,-114.9227478,709.5556417421358
AAKTSE4,-7.36E-16,-82.51170738,-474.2446039,-157.0547425,641.0218493513788
AAKTSE4,3.297616436515383e-17,-25.72489706,-445.0861011,103.9765961514859,804.9291680717332
AAKTSE4,-1.34E-14,124.09302437423881,-438.8809317,67.65015700624572,922.6864867920875
AAKTSE4,-1.26E-14,124.6720569195617,-462.2479844,52.73816230545052,919.3826944013314
AAKTSE4,-1.19E-14,78.51775613155058,-655.2739261,136.03505649354432,984.1944575661302
AAKTSE4,-1.11E-14,62.976788676873454,-658.2132011,22.248617348304098,850.3039985
AAKTSE4,-1.03E-14,24.23359899997338,-623.9469205,18.838844869730885,984.3146505623948
AAKTSE4,4.646101400863663e-15,4.735964878629247,-543.7306399,8.814072391157683,778.7553026160826
AAKTSE4,5.414955606946744e-15,2.5461085350631514,-489.8599149,114.57818880147347,662.9653991142144
AAKTSE4,6.183809813029825e-15,-54.15708114,-482.6247455,107.54063854512239,646.2354956123471
AAKTSE4,6.952664019112905e-15,-78.68936173,-508.5140205,185.18975495543805,781.3072587771461
AAKTSE4,7.721518225195986e-15,-237.3356827,-518.3344066,246.12553803241985,746.9590219
AAKTSE4,8.490372431279066e-15,-206.1266502,-211.4125704,236.65020999829164,640.2218962178547
AAKTSE4,9.259226637362147e-15,-202.5631732,-122.7540676,153.90043751971845,407.04921493820945
AAKTSE4,1.0028080843445228e-14,-225.2296962,-212.6858426,32.89399837447823,426.5887558807863
AAKTSE4,-3.41E-15,-115.6962192,-33.99706207,55.98644812,532.6805190455852
AAKTSE4,-2.65E-15,-94.7016311,-190.4107815,-64.39332436,555.0289489
AAKTSE4,-1.88E-15,-43.01259856,-361.9622787,-174.8086524,582.6940453751827
AAKTSE4,-1.11E-15,-11.20134379,-408.9425638,-292.7906471,701.8113640955376
AAKTSE4,-3.39E-16,63.91324431138798,-415.6697176,-372.2915307,740.1053494825585
AAKTSE4,4.3035136474173343e-16,51.68116574559886,-382.3045481,-362.7679698,664.0462035564482
AAKTSE4,1.199205570824814e-15,76.91464273536576,-440.5416009,-220.9266312,626.7588758121565
AAKTSE4,1.9680597769078947e-15,38.97923083624364,-410.0008759,-164.8575148,616.6650834213998
AAKTSE4,2.7369139829909754e-15,-2.998403285,-152.5290398,-160.8695095,503.6546243639765
AAKTSE4,3.505768189074056e-15,-181.4249263,461.2394630276583,-106.4170597,250.46638752877547
AAKTSE4,4.274622395157137e-15,-31.90478264,689.8701880386737,-128.7223878,-218.4929604
AAKTSE4,5.0434766012402174e-15,-28.97797232,307.16646860524514,-46.95226127,-536.2799851
AAKTSE4,5.812330807323298e-15,21.64661578507819,261.75163806070526,-53.56415496,-570.0672119
AAKTSE4,-7.63E-15,8.874537219289962,317.44902973838765,-65.14503855,-464.5865598
AAKTSE4,-6.86E-15,-43.58420801,17.139754749403465,-69.81683123,-419.8512613
AAKTSE4,-6.09E-15,-98.49406436,-136.5795202,-60.55569462,-413.4408113
AAKTSE4,-5.32E-15,-4.845031811,111.50676032699003,-60.12546709,-384.3390481
AAKTSE4,-4.55E-15,39.52288962280156,130.4174853380057,-50.34523957,-420.508396
AAKTSE4,-3.79E-15,86.23969994590142,524.8304325712435,-19.21501205,-518.027744
AAKTSE4,-3.02E-15,92.51428804677934,555.0667131378148,-36.44478453,-620.198203
AAKTSE4,-2.25E-15,34.36887614765821,573.7563270377192,-42.13455701,-659.9164399
AAKTSE4,-1.48E-15,81.36901980409111,349.70038538206813,-57.55432949,-654.2557878
AAKTSE4,-7.10E-16,44.03360790496899,261.9933326153057,-58.18187974,-557.6240247
AAKTSE4,5.887235903523226e-17,121.32375156140286,349.4385020707661,-60.74387444,-358.4844837
AAKTSE4,8.277265651183129e-16,128.27722855116974,268.5770048595595,-61.11364692,-329.8738317
AAKTSE4,1.5965807712013936e-15,62.88292776315865,248.32550764835264,-86.47675274,-410.4998463
AAKTSE4,-1.18E-14,-62.55581747,252.61401043714633,-77.92096966,-260.136972
AAKTSE4,-1.11E-14,-265.5123405,413.2514021148287,34.41703564109538,-59.8118755
AAKTSE4,-1.03E-14,-214.2488635,552.3110160147331,-8.678292393,-43.29011234
AAKTSE4,-9.54E-15,-47.4953865,651.6995188035266,-273.3336204,-310.7694603
AAKTSE4,-8.77E-15,-227.4319095,730.0391327,-296.4722818,-381.0099193
AAKTSE4,-8.00E-15,-405.5862103,403.9209688255579,-175.6953876,-263.3992673
AAKTSE4,-7.23E-15,-457.7649555,88.00502716990692,-182.2718268,61.42138476359524
AAKTSE4,-6.46E-15,-517.0737008,115.58352995870017,-168.669377,194.12577419102092
AAKTSE4,-5.69E-15,-306.222446,111.93203274749365,-71.18248282,154.4726888709709
AAKTSE4,-4.93E-15,-255.5045246,-24.46946446,-59.9622553,120.26667425799171
AAKTSE4,-4.16E-15,-243.4499365,-99.21429501,37.479083333936515,-5.396007022
AAKTSE4,1.0822831244198389e-14,-163.6586817,-132.9724589,110.22708863314134,132.41020058759037
AAKTSE4,-2.62E-15,-86.38187137,-137.0272894,-2.120461623,376.9852970857222
AAKTSE4,-1.85E-15,-47.8906166,-17.06545331,-171.2980119,527.7992825
AAKTSE4,-1.08E-15,-49.71825072,-306.8769505,-43.68273385,730.7920557385528
AAKTSE4,-3.13E-16,-96.82810707,-384.6495588,54.52910982995948,645.7405865801197
AAKTSE4,4.562475594118118e-16,-116.2001856,-375.7777227,109.91044846249731,718.8779053004735
AAKTSE4,1.2251017654948925e-15,-96.42559753,-372.2436644,68.13734265059108,579.7107795763835
AAKTSE4,1.9939559715779728e-15,-2.173231653,-284.0029394,-37.69909649,548.0425427411822
AAKTSE4,2.762810177661054e-15,17.595800891830475,-198.2155477,-8.426646751,690.1443059059809
AAKTSE4,3.5316643837441345e-15,1.743722326041377,-181.7259338,-22.68197479,509.1338468485577
AAKTSE4,4.300518589827215e-15,70.18275487136427,-188.2629866,71.14491940296423,459.4811655689125
AAKTSE4,5.069372795910296e-15,89.00178741668616,-265.0389282,140.97625803550204,406.80959540037816
AAKTSE4,5.838227001993377e-15,408.52415329534205,-208.7504254,122.90759666804081,515.0024696762881
AAKTSE4,6.607081208076457e-15,237.74318584066495,-153.0563671,139.69226863391162,718.4542328
AAKTSE4,-6.83E-15,197.66110727487592,-198.7834198,121.9213850442274,715.0315515614418
AAKTSE4,-6.07E-15,218.10791759797576,-118.5760282,192.2749458989872,766.2988702817956
AAKTSE4,-5.30E-15,246.92472792107665,7.911363512346341,224.8096179,581.7784112243728
AAKTSE4,-4.53E-15,233.04153824417656,21.33764407891792,-9.13682128,376.9657299447273
AAKTSE4,-3.76E-15,237.93279301172143,-83.13829758,-95.76770487,285.9963819984151
AAKTSE4,-2.99E-15,147.30738111259933,-128.3186837,-42.98636624,424.30147849654736
AAKTSE4,-2.22E-15,169.0019692134772,37.597596889742185,116.20386128389919,686.2287972169017
AAKTSE4,-1.45E-15,117.82100175880012,-215.8683448,139.88742213865896,378.3783381594786
AAKTSE4,-6.84E-16,39.15892319301098,-404.8553975,112.68876077119674,289.03787910205534
AAKTSE4,8.476855370528545e-17,68.60684463,-465.1713392,28.846766070401625,370.74075337796523
AAKTSE4,8.536227597883661e-16,88.58809939476677,-459.778392,-186.6817943,478.79918320943096
AAKTSE4,1.6224769658714468e-15,85.20379860675568,-426.6365558,-144.5283344,556.6009463742298
AAKTSE4,2.391331171954528e-15,52.57172004096754,-413.5969419,-96.65477359,551.0538206501396
AAKTSE4,3.1601853780376077e-15,14.516308141845457,-480.0028836,-139.5767683,547.4811393704947
AAKTSE4,3.929039584120689e-15,79.78756290939009,-473.0088252,-210.1832074,509.73401364640426
AAKTSE4,4.6978937902037695e-15,103.82881767693425,-527.065878,-27.80409102,620.5335546
AAKTSE4,5.46674799628685e-15,93.15896133336811,-592.8029308,41.73613649816706,645.8308733
AAKTSE4,6.235602202369931e-15,52.01021610091297,-601.0988724,140.79636401959385,842.3848586963568
AAKTSE4,7.0044564084530115e-15,48.99147086845785,-588.1903696,235.11992487435364,740.7066218611556
AAKTSE4,-2.06E-14,56.70605896933574,-525.9885335,161.72348572911443,558.2783850259543
AAKTSE4,-1.99E-14,64.88842484799164,-535.4278085,35.585935472763104,462.84348152408734
AAKTSE4,-1.91E-14,-88.10809816,-548.0015279,247.8772741,737.6374669
AAKTSE4,-1.83E-14,-148.352399,-500.7363585,139.27750162672783,720.1381189647958
AAKTSE4,-1.76E-14,13.958855817292266,41.938810965896906,-74.72449307,664.3654376851506
AAKTSE4,-1.68E-14,17.442130786857284,619.6938794112559,-54.77204333,655.5894230721715
AAKTSE4,-1.60E-14,-83.38196798,392.8902609879283,-3.96292692,782.9189640147483
AAKTSE4,-1.53E-14,-142.568491,346.95765266561057,164.5228562,976.2229494017693
AAKTSE4,-1.45E-14,-63.85834733,589.1272666,309.05863923386175,969.8813792332348
AAKTSE4,-1.37E-14,-195.5904259,643.5057693543084,296.38108897751056,1063.0031423980338
AAKTSE4,-1.30E-14,-334.6725045,23.635383254212957,225.10909427671533,998.0660166739434
AAKTSE4,-1.22E-14,-308.2491285,-273.4783362,72.62659452541487,961.3333353942984
AAKTSE4,-1.14E-14,-100.7077727,-236.5431667,-195.0104507,747.8173207813192
AAKTSE4,-1.07E-14,64.71125983630536,-308.1324417,-164.2702232,731.1546395
AAKTSE4,-9.88E-15,175.48564591698124,-332.5810096,-87.95444008,758.1719582220277
AAKTSE4,-9.12E-15,145.75154714917215,-321.1832139,-22.79199034,761.3748324979385
AAKTSE4,-8.35E-15,13.442801916716999,-295.2758222,54.31045940527609,745.9454845516265
AAKTSE4,-7.58E-15,23.096278906483914,-277.4639861,268.7751313711469,1109.6816921608693
AAKTSE4,-6.81E-15,-45.69913299,-325.0988167,216.39354071075573,1162.400829063042
AAKTSE4,-6.04E-15,-78.81676711,-363.3103139,229.65003085844552,1145.4496629349119
AAKTSE4,-5.27E-15,-56.79329012,-370.7718111,194.6469250465383,965.0703149885996
AAKTSE4,-4.50E-15,-40.76759091,-257.0977527,181.66947580028864,1126.5548054261255
AAKTSE4,-3.73E-15,-85.88078059,-316.7503611,87.37849120050359,1073.9193968737532
AAKTSE4,-2.96E-15,116.3371408450853,-478.4763027,63.18205205526367,1014.3378267052191
AAKTSE4,-2.20E-15,220.52061783485215,-476.7077999,160.16672402113446,1135.9418120922398
AAKTSE4,-1.43E-15,208.62631704684105,-525.4837416,279.61472932034025,1089.4357974792615
AAKTSE4,-2.91E-14,390.28646070327494,-327.0119055,227.83273461954408,908.7931161996156
AAKTSE4,-2.83E-14,392.73104880415286,-184.1722916,91.27185103,692.311546
AAKTSE4,-2.75E-14,87.12008134947575,-340.8423746,108.13409875330659,544.8889657615372
AAKTSE4,-2.68E-14,-22.30421944,-516.475286,129.61341718382442,627.4095168051239
AAKTSE4,-2.60E-14,-98.59407578,-502.5078943,238.8014224830284,892.0290577477009
AAKTSE4,-2.52E-14,202.23162342988738,-610.0049471,312.6002359,789.4472855589637
AAKTSE4,-2.45E-14,424.53732264187624,-381.4986665,288.0652108592158,534.3659174106315
AAKTSE4,-2.37E-14,145.5919107427542,-424.7812748,210.56766060286557,508.21545835320825
AAKTSE4,5.492644190956954e-15,-272.75239,-409.6405498,103.02455479095836,555.4194437402291