{
  "session_count": 5,
  "avg_final_warmth": 0.11981956197210233,
  "avg_final_trust": 0.04720222671158997,
  "avg_progress": 0.01981956197210231,
  "evolution_generations": 1
}